Date,Price,Open,High,Low,Vol.,Change %
31/3/2023,18909,18909,19000,18500,26.15,0.00%
30/3/2023,18909,19091,19227,18864,23.05,0.00%
29/3/2023,18909,18818,19182,18818,19.74,0.48%
28/3/2023,18818,19000,19091,18818,13.56,-0.48%
27/3/2023,18909,18545,19000,18500,22.29,1.96%
24/3/2023,18545,18591,18636,18455,15.06,0.00%
23/3/2023,18545,18364,18545,18227,11.82,0.49%
22/3/2023,18455,18682,18727,18318,14.14,-0.73%
21/3/2023,18591,18364,18682,18045,20.97,2.25%
20/3/2023,18182,18545,18727,18182,25.29,-1.96%
17/3/2023,18545,19136,19136,18545,37.35,-2.16%
16/3/2023,18955,19091,19182,18636,33.27,-2.11%
15/3/2023,19364,18909,19364,18727,29.46,4.93%
14/3/2023,18455,19136,19182,18364,33.95,-3.79%
13/3/2023,19182,19136,19455,19000,23.02,-0.94%
10/3/2023,19364,19227,19500,19091,24.7,0.47%
9/3/2023,19273,19273,19591,19273,25.6,0.00%
8/3/2023,19273,19000,19273,18909,17.78,0.47%
7/3/2023,19182,18727,19409,18682,32.26,3.43%
6/3/2023,18545,18773,18955,18545,12.5,0.24%
3/3/2023,18500,18909,19182,18500,14.97,-1.21%
2/3/2023,18727,19091,19182,18727,9.75,-1.44%
1/3/2023,19000,18182,19000,18000,20.48,4.50%
28/2/2023,18182,18591,18636,18091,16.74,-0.50%
27/2/2023,18273,18545,18682,18136,34.45,-3.36%
24/2/2023,18909,19545,19545,18773,16.06,-3.25%
23/2/2023,19545,19227,19545,18545,36.95,1.41%
22/2/2023,19273,19455,20091,19273,35.9,-1.85%
21/2/2023,19636,20045,20273,19636,22.71,-1.37%
20/2/2023,19909,19091,19909,19091,27.22,4.28%
17/2/2023,19091,19364,19409,19091,13.52,-1.41%
16/2/2023,19364,19045,19455,18727,26.31,2.41%
15/2/2023,18909,18727,19136,18409,22.08,0.97%
14/2/2023,18727,18455,19000,18409,19.02,1.98%
13/2/2023,18364,18545,18545,17955,20.62,-1.46%
10/2/2023,18636,18818,18909,18318,17.41,-0.49%
9/2/2023,18727,19091,19318,18727,17.98,-1.20%
8/2/2023,18955,17955,19182,17955,37.19,5.57%
7/2/2023,17955,19227,19273,17909,47.72,-6.62%
6/2/2023,19227,19182,19227,18682,24.51,0.23%
3/2/2023,19182,19500,19591,19091,23.05,-0.94%
2/2/2023,19364,19273,19727,19182,27.93,0.95%
1/2/2023,19182,20182,20591,19091,57.1,-4.52%
31/1/2023,20091,19909,20091,19727,30.92,1.61%
30/1/2023,19773,19727,20182,19409,46.58,1.17%
27/1/2023,19545,19091,19591,18955,29.18,1.65%
19/1/2023,19227,19636,19864,18955,48.33,-2.53%
18/1/2023,19727,20000,20045,19591,28.44,0.23%
17/1/2023,19682,18591,19682,18591,45.74,6.92%
16/1/2023,18409,18182,18773,18136,24.55,1.51%
13/1/2023,18136,18409,18500,18091,21.09,-0.50%
12/1/2023,18227,18273,18409,18091,22.19,-0.75%
11/1/2023,18364,18182,18682,18091,28.28,2.02%
10/1/2023,18000,17818,18273,17455,29.54,1.02%
9/1/2023,17818,18000,18273,17727,17.8,1.03%
6/1/2023,17636,17909,18273,17455,21.59,-2.02%
5/1/2023,18000,17636,18182,17409,23.65,2.06%
4/1/2023,17636,17682,18000,17545,22.25,0.78%
3/1/2023,17500,16636,17500,16545,30.79,6.94%
30/12/2022,16364,16455,16773,16273,15.9,0.00%
29/12/2022,16364,16636,16818,16227,19.17,-1.09%
28/12/2022,16545,16727,16818,16318,15.74,-0.28%
27/12/2022,16591,15545,16591,15545,26.02,6.73%
26/12/2022,15545,16636,16636,15545,34.51,-6.82%
23/12/2022,16682,17136,17182,16455,27.29,-2.91%
22/12/2022,17182,17364,17818,17000,20.86,0.00%
21/12/2022,17182,17636,17682,16455,30.47,-0.53%
20/12/2022,17273,18000,18273,17045,50.11,-5.00%
19/12/2022,18182,18727,19318,18182,52.84,-1.96%
16/12/2022,18545,17455,18591,17227,60.92,5.42%
15/12/2022,17591,17364,17864,17364,23.08,0.78%
14/12/2022,17455,17591,17818,17273,37.71,1.05%
13/12/2022,17273,16909,17273,16591,26.78,2.15%
12/12/2022,16909,17455,17773,16909,39.42,-3.13%
9/12/2022,17455,17182,17682,16818,38,1.59%
8/12/2022,17182,17182,17591,16818,32.94,3.56%
7/12/2022,16591,16364,17409,16091,38.08,-1.88%
6/12/2022,16909,18091,18136,16909,69.05,-7.00%
5/12/2022,18182,18000,18545,17727,51.17,2.83%
2/12/2022,17682,16364,17682,16182,50.25,6.87%
1/12/2022,16545,17045,17864,16364,73.25,-1.09%
30/11/2022,16727,15955,16727,15636,63.49,5.75%
29/11/2022,15818,15091,15864,14864,70.74,6.42%
28/11/2022,14864,14182,14864,14182,64.73,6.87%
25/11/2022,13909,13273,13909,13045,29.19,6.62%
24/11/2022,13045,12455,13091,12364,34.23,3.99%
23/11/2022,12545,13364,13500,12545,33.33,-6.76%
22/11/2022,13455,13318,14045,13136,47.57,-1.00%
21/11/2022,13591,13818,13864,13409,34.77,-0.99%
18/11/2022,13727,13273,13818,12955,109.62,5.96%
17/11/2022,12955,12636,12955,12545,23.67,6.75%
16/11/2022,12136,11182,12136,10727,38.39,6.79%
15/11/2022,11364,10909,11409,10909,44.46,2.46%
14/11/2022,11091,11045,11318,10773,66.3,-0.81%
11/11/2022,11182,11182,11500,10909,66.79,1.65%
10/11/2022,11000,11545,11636,11000,87.72,-6.92%
9/11/2022,11818,12000,12364,11773,36.06,-1.15%
8/11/2022,11955,11909,12455,11818,50.9,-4.01%
7/11/2022,12455,13227,13455,12455,42.09,-6.48%
4/11/2022,13318,13636,13773,13182,48.28,-3.62%
3/11/2022,13818,13864,14045,13727,22.69,-0.98%
2/11/2022,13955,13636,14273,13636,44.13,2.34%
1/11/2022,13636,14318,14545,13455,89.71,-4.15%
31/10/2022,14227,14227,14545,14227,72.93,-6.85%
28/10/2022,15273,15818,16045,15273,34.32,-3.45%
27/10/2022,15818,15409,16000,15364,23.5,2.95%
26/10/2022,15364,15455,15818,15318,12.37,-1.16%
25/10/2022,15545,14909,15909,14591,34.22,4.27%
24/10/2022,14909,15455,15500,14727,30.77,-2.96%
21/10/2022,15364,16636,16636,15364,49.67,-6.63%
20/10/2022,16455,16682,16909,16409,28.64,-1.63%
19/10/2022,16727,17136,17136,16682,22.26,-2.39%
18/10/2022,17136,17727,17909,17000,26.83,-2.08%
17/10/2022,17500,17500,17591,17182,18.77,-1.03%
14/10/2022,17682,17955,18091,17545,24.85,-0.25%
13/10/2022,17727,17091,17818,16864,26.62,4.28%
12/10/2022,17000,16182,17000,15909,31.9,6.86%
11/10/2022,15909,16727,16727,15773,29.09,-4.63%
10/10/2022,16682,15727,16909,15636,27.57,4.26%
7/10/2022,16000,16045,16182,15500,40.12,-2.22%
6/10/2022,16364,17545,17545,16364,41.21,-6.25%
5/10/2022,17455,17455,17591,17136,27.85,1.86%
4/10/2022,17136,18273,18409,16955,33.56,-4.56%
3/10/2022,17955,19273,19273,17955,36.93,-6.84%
30/9/2022,19273,19545,19682,18818,25.71,-2.08%
29/9/2022,19682,20136,20273,19682,11.36,-0.69%
28/9/2022,19818,20182,20409,19636,15.47,-2.68%
27/9/2022,20364,20409,20455,20091,9.91,0.00%
26/9/2022,20364,20409,20545,19864,28.46,-1.32%
23/9/2022,20636,20955,21091,20636,16.05,-1.31%
22/9/2022,20909,20636,21000,20591,12.75,0.44%
21/9/2022,20818,20818,20864,20636,10.91,-0.44%
20/9/2022,20909,20727,20909,20545,12.66,1.54%
19/9/2022,20591,21000,21136,20409,30.23,-1.52%
16/9/2022,20909,21273,21455,20909,30.26,-2.54%
15/9/2022,21455,21727,21727,21318,15.1,-0.42%
14/9/2022,21545,21136,21636,21136,29.73,0.00%
13/9/2022,21545,21591,21818,21364,16.15,-0.42%
12/9/2022,21636,21727,22091,21636,28.79,0.00%
9/9/2022,21636,21227,21636,21000,28.65,3.03%
8/9/2022,21000,21091,21318,20818,22.4,0.44%
7/9/2022,20909,21409,21636,20909,27.53,-2.34%
6/9/2022,21409,21818,22000,21409,16.87,-1.46%
5/9/2022,21727,20955,21909,20955,28.91,3.91%
31/8/2022,20909,20909,21045,20682,16.48,-0.22%
30/8/2022,20955,21000,21182,20864,16.84,0.22%
29/8/2022,20909,20955,21136,20591,35.71,-2.13%
26/8/2022,21364,21818,21818,21364,18.12,-1.47%
25/8/2022,21682,21591,21864,21455,20.09,1.49%
24/8/2022,21364,21500,21591,21364,13.34,-0.63%
23/8/2022,21500,21000,21500,21000,18.36,1.29%
22/8/2022,21227,21500,21591,21045,26.18,-1.69%
19/8/2022,21591,21909,22045,21500,34.6,-1.66%
18/8/2022,21955,21909,22136,21864,25.54,-0.62%
17/8/2022,22091,22364,22409,21955,30.19,-1.02%
16/8/2022,22318,21818,22455,21818,72.04,2.29%
15/8/2022,21818,21909,22000,21636,34.66,0.21%
12/8/2022,21773,21182,21864,21136,37.18,2.35%
11/8/2022,21273,21864,21955,21182,37.79,-1.68%
10/8/2022,21636,21818,22182,21636,33.14,-1.25%
9/8/2022,21909,21727,22091,21500,53.04,2.12%
8/8/2022,21455,21273,21727,21182,33.4,1.29%
5/8/2022,21182,21273,21500,21045,46.77,-1.48%
4/8/2022,21500,21727,21773,21364,33.04,-0.42%
3/8/2022,21591,20636,21682,20545,64.73,3.71%
2/8/2022,20818,20818,21045,20636,30.5,0.44%
1/8/2022,20727,19727,20773,19636,41.96,6.05%
29/7/2022,19545,19636,19955,19545,22.65,0.46%
28/7/2022,19455,19545,19727,19318,25.86,0.71%
27/7/2022,19318,19500,19545,19136,31.46,-1.85%
26/7/2022,19682,19818,20000,19636,29.02,-1.14%
25/7/2022,19909,20182,20273,19818,22.79,-1.35%
22/7/2022,20182,20636,20727,20182,18.31,-2.20%
21/7/2022,20636,20318,20909,20273,25.35,1.57%
20/7/2022,20318,20318,20682,20273,18.58,0.90%
19/7/2022,20136,20455,20545,20091,17.9,-1.99%
18/7/2022,20545,21091,21182,20455,21.92,-2.59%
15/7/2022,21091,20318,21364,20318,52.47,4.50%
14/7/2022,20182,20182,20364,20091,13.77,-0.45%
13/7/2022,20273,20182,20727,20136,19.64,0.00%
12/7/2022,20273,20045,20455,19955,13.36,1.14%
11/7/2022,20045,20364,20591,19955,13.72,-1.78%
8/7/2022,20409,20000,20500,20000,21.46,3.22%
7/7/2022,19773,19500,19773,19455,11.91,1.40%
6/7/2022,19500,19727,20227,19364,20.06,-2.05%
5/7/2022,19909,20091,20318,19773,16.6,-0.46%
4/7/2022,20000,20591,20591,20000,13.69,-1.79%
1/7/2022,20364,20273,20545,19591,16.72,0.45%
30/6/2022,20273,20818,21273,20273,21.95,-1.98%
29/6/2022,20682,20273,21045,20091,22.21,1.11%
28/6/2022,20455,20773,20773,20227,19.62,-1.74%
27/6/2022,20818,20000,20818,19409,22.81,5.05%
24/6/2022,19818,19864,20455,19727,14.11,0.00%
23/6/2022,19818,19545,19864,19545,7.62,1.40%
22/6/2022,19545,18955,20000,18955,23.59,3.36%
21/6/2022,18909,19409,19545,18636,43.93,-3.70%
20/6/2022,19636,20682,20909,19636,41,-6.90%
17/6/2022,21091,21318,21364,19955,33.26,-1.12%
16/6/2022,21329,20744,21569,20572,47.74,5.44%
15/6/2022,20228,20709,21260,19849,41.04,-2.97%
14/6/2022,20847,21673,21707,20778,40.67,-4.72%
13/6/2022,21879,22705,23049,21810,30.37,-5.36%
10/6/2022,23118,23255,23565,23118,21.71,-0.59%
9/6/2022,23255,22636,23771,22533,38.58,2.73%
8/6/2022,22636,22911,23014,22533,35.52,-0.90%
7/6/2022,22842,22911,23083,22464,27.71,-0.30%
6/6/2022,22911,23496,23565,22774,25.41,-0.30%
3/6/2022,22980,22911,23393,22877,21.04,0.75%
2/6/2022,22808,23393,23599,22739,36.29,-3.49%
1/6/2022,23634,23737,23943,23255,30.95,-1.01%
31/5/2022,23874,24322,24322,23737,26.94,-2.12%
30/5/2022,24390,24425,24666,24287,21.53,0.00%
27/5/2022,24390,24081,24700,23943,25.16,1.28%
26/5/2022,24081,24081,24494,23771,23.2,1.60%
25/5/2022,23702,23737,24046,22739,56.37,-1.29%
24/5/2022,24012,25285,25457,23530,60.35,-5.03%
23/5/2022,25285,26110,26282,24975,14.56,-2.39%
20/5/2022,25904,25938,26007,25629,19.92,-0.66%
19/5/2022,26076,25663,26214,25354,22.94,-0.78%
18/5/2022,26282,26420,26626,26042,22.98,0.00%
17/5/2022,26282,24906,26282,24769,33.48,5.23%
16/5/2022,24975,25491,25801,24975,42.03,1.11%
13/5/2022,24700,26248,26523,24597,61.49,-6.14%
12/5/2022,26317,27934,27968,26317,36.11,-5.90%
11/5/2022,27968,28209,28415,27899,13.67,-1.10%
10/5/2022,28278,27177,28278,26626,27.8,2.88%
9/5/2022,27486,28553,28828,27486,37.59,-4.43%
6/5/2022,28759,28484,29585,28484,21.47,-0.59%
5/5/2022,28931,29310,29310,28553,19.76,0.12%
4/5/2022,28897,29791,29791,28897,21.31,-3.00%
29/4/2022,29791,29516,29860,29482,17.66,0.46%
28/4/2022,29654,29241,29895,29241,19.46,1.41%
27/4/2022,29241,28347,29516,28278,26.86,-6.22%
26/4/2022,31181.2,30386.5,31332.5,29970.2,30.26,1.10%
25/4/2022,30840.6,33148.9,33148.9,30840.6,37.77,-6.96%
22/4/2022,33148.9,33300.3,33338.1,32051.5,16.51,1.04%
21/4/2022,32808.3,32543.4,33375.9,31862.3,23.16,0.35%
20/4/2022,32694.8,32921.8,33300.3,32619.1,17.21,-0.23%
19/4/2022,32770.5,32543.4,33224.6,32467.8,24.77,1.52%
18/4/2022,32278.5,33338.1,33716.5,32278.5,30.14,-3.51%
15/4/2022,33451.6,33981.4,34057.1,33413.8,23.89,-1.56%
14/4/2022,33981.4,34284.1,34473.3,33981.4,15.65,-0.66%
13/4/2022,34208.4,34284.1,34397.7,33830,16.53,0.22%
12/4/2022,34132.8,35192.3,35192.3,34094.9,23.7,-2.80%
8/4/2022,35116.6,35381.5,35608.6,35078.8,17.86,-0.32%
7/4/2022,35230.2,35949.1,36024.8,35230.2,18.87,-1.48%
6/4/2022,35759.9,34813.9,36289.7,34813.9,38.62,2.49%
5/4/2022,34889.6,34813.9,35116.6,34776.1,15.76,0.55%
4/4/2022,34700.4,34813.9,35041,34624.7,15.8,0.33%
1/4/2022,34586.9,34057.1,34813.9,33678.7,25.61,1.33%
31/3/2022,34132.8,34549,34776.1,33905.7,24.56,-0.88%
30/3/2022,34435.5,34662.5,35116.6,34359.8,20.44,-0.76%
29/3/2022,34700.4,34965.3,35003.1,34662.5,16.88,-0.11%
28/3/2022,34738.2,34889.6,35457.2,34662.5,25.36,-1.08%
25/3/2022,35116.6,35230.2,35532.9,34965.3,17.48,0.00%
24/3/2022,35116.6,35570.7,35570.7,35078.8,19.41,-0.85%
23/3/2022,35419.4,35722.1,35911.3,35419.4,22.48,-0.21%
22/3/2022,35495,35495,35532.9,35041,29.86,0.11%
21/3/2022,35457.2,35343.7,35722.1,35116.6,25.11,0.75%
18/3/2022,35192.3,34965.3,35457.2,34851.7,23.05,1.20%
17/3/2022,34776.1,35268,35343.7,34738.2,19.45,-0.54%
16/3/2022,34965.3,35495,35684.3,34965.3,14.84,0.11%
15/3/2022,34927.4,34776.1,35343.7,34397.7,27.12,0.76%
14/3/2022,34662.5,35797.8,36478.9,34662.5,44,-3.78%
11/3/2022,36024.8,37235.7,37311.4,35457.2,57.64,-3.15%
10/3/2022,37197.9,37841.2,37916.9,37160.1,34.88,-1.40%
9/3/2022,37727.7,37841.2,38068.3,36970.9,45.21,0.81%
8/3/2022,37425,38295.3,38749.4,37425,52.66,-3.23%
7/3/2022,38673.7,37992.6,39733.3,37841.2,49.99,2.61%
4/3/2022,37689.8,38598,38825.1,37689.8,43.39,-0.60%
3/3/2022,37916.9,36024.8,37916.9,35797.8,99.11,6.82%
2/3/2022,35495,35570.7,35835.6,35268,25.86,0.00%
1/3/2022,35495,36100.5,36403.2,35457.2,30.39,-0.64%
28/2/2022,35722.1,34851.7,36176.2,34851.7,45.76,2.83%
25/2/2022,34738.2,34889.6,35078.8,34738.2,16.61,-0.22%
24/2/2022,34813.9,35381.5,35457.2,34132.8,29.18,-1.50%
23/2/2022,35343.7,35305.8,35722.1,35003.1,16.88,0.65%
22/2/2022,35116.6,35041,35268,34586.9,22.97,-0.54%
21/2/2022,35305.8,35646.4,35949.1,35230.2,15.83,-0.85%
18/2/2022,35608.6,34965.3,36062.7,34851.7,27.79,1.18%
17/2/2022,35192.3,34813.9,35381.5,34813.9,14.76,1.09%
16/2/2022,34813.9,34889.6,35192.3,34511.2,12.16,0.00%
15/2/2022,34813.9,34965.3,35230.2,34359.8,20.23,-0.43%
14/2/2022,34965.3,35192.3,35949.1,34927.4,23.72,-2.01%
11/2/2022,35684.3,35268,35949.1,35041,22.55,0.32%
10/2/2022,35570.7,35873.5,36251.9,35343.7,30.68,-0.63%
9/2/2022,35797.8,34662.5,36554.6,34586.9,52.39,3.84%
8/2/2022,34473.3,32543.4,34473.3,32543.4,34.49,5.81%
7/2/2022,32581.3,32392.1,33073.2,31635.2,21.59,2.01%
28/1/2022,31938,31975.8,32392.1,31559.6,19.42,0.12%
27/1/2022,31900.1,32694.8,32921.8,31786.6,19.11,-2.99%
26/1/2022,32884,32921.8,33640.8,32884,19.77,0.46%
25/1/2022,32732.6,30651.4,32770.5,30424.3,23.25,6.27%
24/1/2022,30802.7,32619.1,32694.8,30802.7,38.25,-6.00%
21/1/2022,32770.5,33300.3,33640.8,32619.1,21.16,-1.59%
20/1/2022,33300.3,33148.9,33451.6,32770.5,19.07,1.15%
19/1/2022,32921.8,33603,33716.5,32884,23.02,-1.14%
18/1/2022,33300.3,33678.7,34246.3,32543.4,27.87,-1.57%
17/1/2022,33830,35003.1,35192.3,33830,28.16,-3.35%
14/1/2022,35003.1,35192.3,35457.2,34965.3,10.27,-0.96%
13/1/2022,35343.7,35041,35797.8,34965.3,32.49,1.08%
12/1/2022,34965.3,34208.4,35003.1,34170.6,19.09,2.44%
11/1/2022,34132.8,34851.7,34851.7,34132.8,16.59,-1.20%
10/1/2022,34549,34700.4,35305.8,34435.5,22.72,-0.33%
7/1/2022,34662.5,34889.6,34965.3,34549,21.24,-0.65%
6/1/2022,34889.6,35192.3,35343.7,34889.6,22.32,-1.50%
5/1/2022,35419.4,35495,35835.6,35419.4,24.39,0.11%
4/1/2022,35381.5,35419.4,35722.1,35268,26.13,0.75%
31/12/2021,35116.6,34813.9,35305.8,34700.4,17.92,1.53%
30/12/2021,34586.9,35041,35041,34586.9,13.37,-0.22%
29/12/2021,34662.5,34662.5,35041,34435.5,19.65,0.00%
28/12/2021,34662.5,34738.2,35343.7,34511.2,16.06,-0.22%
27/12/2021,34738.2,35230.2,35268,34473.3,13.88,-0.33%
24/12/2021,34851.7,34284.1,35305.8,34246.3,24.92,2.45%
23/12/2021,34019.2,34132.8,34132.8,33375.9,34.68,-0.33%
22/12/2021,34132.8,35041,35192.3,34132.8,32.07,-2.17%
21/12/2021,34889.6,35495,35532.9,34889.6,22.22,-1.71%
20/12/2021,35495,35343.7,35835.6,35192.3,12.98,0.43%
17/12/2021,35343.7,35835.6,35987,35268,28.62,-1.68%
16/12/2021,35949.1,36403.2,36403.2,35797.8,14.34,-0.63%
15/12/2021,36176.2,36327.6,36781.6,36100.5,11.76,0.21%
14/12/2021,36100.5,35230.2,37160.1,34965.3,46.38,2.47%
13/12/2021,35230.2,35230.2,35684.3,35041,18.6,0.11%
10/12/2021,35192.3,35608.6,35722.1,35116.6,25.26,-1.27%
9/12/2021,35646.4,35495,35797.8,35419.4,13.42,-0.21%
8/12/2021,35722.1,36251.9,36251.9,35608.6,14.44,-0.84%
7/12/2021,36024.8,35154.5,36024.8,34813.9,28.52,4.04%
6/12/2021,34624.7,35949.1,36289.7,34435.5,45.02,-4.09%
3/12/2021,36100.5,36933,37197.9,36100.5,28.19,-1.85%
2/12/2021,36781.6,37235.7,37273.6,36781.6,16.68,-0.82%
1/12/2021,37084.4,37462.8,37462.8,37008.7,17.97,0.10%
30/11/2021,37046.5,37046.5,37803.4,36706,28.83,1.14%
29/11/2021,36630.3,36478.9,37008.7,36478.9,28.34,-1.33%
26/11/2021,37122.2,37311.4,37803.4,37084.4,34.75,-0.41%
25/11/2021,37273.6,36857.3,37349.3,36857.3,28.29,1.23%
24/11/2021,36819.5,37462.8,37614.2,36706,35.26,-1.82%
23/11/2021,37500.6,37008.7,37689.8,36781.6,20.34,1.85%
22/11/2021,36819.5,36478.9,37235.7,36327.6,29.42,1.35%
19/11/2021,36327.6,37538.5,37614.2,36251.9,63.01,-3.90%
18/11/2021,37803.4,38900.8,38900.8,37538.5,76.19,-2.82%
17/11/2021,38900.8,39354.9,39808.9,38900.8,39,-1.15%
16/11/2021,39354.9,40338.7,40565.8,39354.9,51.71,-2.99%
15/11/2021,40565.8,41246.9,41322.6,40338.7,39.84,-1.83%
12/11/2021,41322.6,40792.8,41474,40717.1,27.1,1.11%
11/11/2021,40868.5,41625.3,41852.4,40565.8,70.58,-2.35%
10/11/2021,41852.4,42760.6,42836.2,41776.7,56.39,-2.12%
9/11/2021,42760.6,42987.6,43593.1,42684.9,32.13,-0.53%
8/11/2021,42987.6,43063.3,43139,42533.5,27.63,0.35%
5/11/2021,42836.2,42609.2,43139,42155.1,25.19,0.53%
4/11/2021,42609.2,42079.4,43063.3,42079.4,19.3,1.26%
3/11/2021,42079.4,42533.5,42609.2,41852.4,38.83,0.18%
2/11/2021,42003.7,42003.7,42684.9,41776.7,33.37,-0.36%
1/11/2021,42155.1,43214.7,43214.7,42155.1,58.78,-2.45%
29/10/2021,43214.7,43895.8,43971.5,43214.7,31.04,-1.55%
28/10/2021,43895.8,43820.1,44047.2,43366,28.5,0.17%
27/10/2021,43820.1,42609.2,43820.1,42609.2,37.62,2.84%
26/10/2021,42609.2,41474,42609.2,41019.9,36.28,2.18%
25/10/2021,41701,42760.6,42911.9,41701,54.09,-2.82%
22/10/2021,42911.9,43441.7,43744.4,42911.9,25.8,-0.87%
21/10/2021,43290.3,43290.3,44047.2,42836.2,50.95,0.53%
20/10/2021,43063.3,43441.7,43517.4,42230.8,45.06,-0.52%
19/10/2021,43290.3,43593.1,43895.8,43214.7,30.84,-1.21%
18/10/2021,43820.1,43593.1,44198.5,43517.4,26.96,1.05%
15/10/2021,43366,43366,43668.7,43139,24.08,0.88%
14/10/2021,42987.6,42987.6,43441.7,42911.9,25.06,0.00%
13/10/2021,42987.6,43139,43441.7,42760.6,20.26,-0.35%
12/10/2021,43139,43366,43593.1,42987.6,23.54,-0.35%
11/10/2021,43290.3,42457.8,43366,42155.1,33.21,2.69%
8/10/2021,42155.1,42230.8,42533.5,41776.7,28.2,0.18%
7/10/2021,42079.4,42684.9,42911.9,42003.7,34.8,-0.89%
6/10/2021,42457.8,42230.8,42609.2,41928.1,34.8,1.45%
5/10/2021,41852.4,42003.7,42306.5,41701,34.54,-0.36%
4/10/2021,42003.7,40792.8,42306.5,40792.8,58.96,3.93%
1/10/2021,40414.4,40036,40641.5,39884.6,39.62,0.95%
30/9/2021,40036,40641.5,40641.5,39960.3,30.09,-0.75%
29/9/2021,40338.7,39884.6,40565.8,39808.9,45.37,1.33%
28/9/2021,39808.9,38295.3,39884.6,38295.3,46.29,3.54%
27/9/2021,38446.7,38900.8,39354.9,38446.7,37.01,0.00%
24/9/2021,38446.7,38598,39127.8,38371,20.65,-0.39%
23/9/2021,38598,38825.1,39279.2,38522.3,23.11,0.20%
22/9/2021,38522.3,38446.7,38673.7,38295.3,17.09,0.20%
21/9/2021,38446.7,38295.3,38749.4,37992.6,37.5,-0.97%
20/9/2021,38825.1,39657.6,39657.6,38522.3,42.03,-0.97%
17/9/2021,39203.5,38900.8,39354.9,38825.1,31.91,0.97%
16/9/2021,38825.1,39354.9,39581.9,38825.1,23.38,-0.58%
15/9/2021,39052.1,37916.9,39354.9,37765.5,33.68,2.58%
14/9/2021,38068.3,38446.7,38598,37992.6,29.16,-0.98%
13/9/2021,38446.7,38976.4,38976.4,38371,35.4,-1.36%
10/9/2021,38976.4,39354.9,39506.2,38900.8,22.38,-0.77%
9/9/2021,39279.2,39052.1,39657.6,38976.4,47.73,1.17%
8/9/2021,38825.1,38371,39279.2,38143.9,42.95,1.18%
7/9/2021,38371,39052.1,39354.9,38295.3,40.62,-0.98%
6/9/2021,38749.4,37462.8,38900.8,37387.1,62.53,4.07%
1/9/2021,37235.7,37084.4,37500.6,37008.7,19.59,-0.20%
31/8/2021,37311.4,37084.4,37614.2,36933,33.63,1.23%
30/8/2021,36857.3,36327.6,36895.2,36062.7,22.11,2.31%
27/8/2021,36024.8,35949.1,36214,35381.5,31.84,-0.21%
26/8/2021,36100.5,36781.6,36781.6,35987,18.02,-1.45%
25/8/2021,36630.3,36289.7,36706,35873.5,21.32,1.36%
24/8/2021,36138.3,36024.8,36516.8,35949.1,28.51,0.53%
23/8/2021,35949.1,37084.4,37084.4,35949.1,42.67,-3.06%
20/8/2021,37084.4,38446.7,38598,36478.9,64.13,-3.73%
19/8/2021,38522.3,38295.3,38825.1,38143.9,35.76,0.99%
18/8/2021,38143.9,38219.6,38522.3,37765.5,26.21,0.00%
17/8/2021,38143.9,37576.3,38522.3,37538.5,59.13,1.92%
16/8/2021,37425,37084.4,37462.8,37046.5,28.89,1.64%
13/8/2021,36819.5,36630.3,36857.3,36100.5,33.55,0.52%
12/8/2021,36630.3,37008.7,37084.4,36630.3,28.01,-1.12%
11/8/2021,37046.5,37689.8,37689.8,37046.5,28.46,-0.91%
10/8/2021,37387.1,37916.9,38219.6,37160.1,30.31,-0.60%
9/8/2021,37614.2,36403.2,37614.2,36289.7,39.55,2.69%
6/8/2021,36630.3,36781.6,37160.1,36554.6,26.13,-0.82%
5/8/2021,36933,35911.3,37084.4,35835.6,38.62,2.74%
4/8/2021,35949.1,35987,36327.6,35759.9,31.63,0.53%
3/8/2021,35759.9,35797.8,36062.7,35381.5,36.79,0.00%
2/8/2021,35759.9,35646.4,36251.9,35495,31.47,-0.11%
30/7/2021,35797.8,35646.4,36024.8,35646.4,29.92,0.42%
29/7/2021,35646.4,35532.9,36100.5,35419.4,42.62,0.86%
28/7/2021,35343.7,35041,35646.4,34965.3,27.58,1.08%
27/7/2021,34965.3,34813.9,35419.4,34586.9,23.67,1.32%
26/7/2021,34511.2,34435.5,34889.6,33792.2,30.53,-0.44%
23/7/2021,34662.5,35419.4,35570.7,34662.5,37.58,-2.97%
22/7/2021,35722.1,35343.7,36100.5,35041,27.94,0.96%
21/7/2021,35381.5,35949.1,36176.2,35268,27.74,-1.16%
20/7/2021,35797.8,34057.1,35797.8,33640.8,53.26,6.77%
19/7/2021,33527.3,34549,34738.2,33300.3,51.25,-5.24%
16/7/2021,35381.5,35343.7,35911.3,35192.3,28.93,0.54%
15/7/2021,35192.3,33754.4,35457.2,33754.4,37.11,3.33%
14/7/2021,34057.1,34738.2,34813.9,33565.1,35.66,-1.10%
13/7/2021,34435.5,34435.5,34813.9,33716.5,33.15,1.22%
12/7/2021,34019.2,35343.7,35495,33300.3,98.15,-4.97%
9/7/2021,35797.8,36706,37160.1,34813.9,60.96,-3.47%
8/7/2021,37084.4,37765.5,37916.9,36781.6,39.82,-1.80%
7/7/2021,37765.5,37084.4,37765.5,36214,52.72,3.96%
6/7/2021,36327.6,38673.7,39506.2,36327.6,62.68,-6.25%
5/7/2021,38749.4,39581.9,39581.9,38446.7,48.19,-2.10%
2/7/2021,39581.9,40111.7,40414.4,39506.2,39.08,-0.95%
1/7/2021,39960.3,39127.8,40036,39052.1,51.57,2.52%
30/6/2021,38976.4,39279.2,39506.2,38900.8,24.57,-0.58%
29/6/2021,39203.5,39733.3,39808.9,39127.8,25.78,-1.15%
28/6/2021,39657.6,38825.1,39733.3,38446.7,50.91,3.35%
25/6/2021,38371,38371,38749.4,37689.8,34.05,0.20%
24/6/2021,38295.3,38900.8,39127.8,38219.6,25.98,-1.56%
23/6/2021,38900.8,39052.1,39279.2,38673.7,24.13,-0.58%
22/6/2021,39127.8,38976.4,39657.6,38749.4,24,0.98%
21/6/2021,38749.4,39354.9,39733.3,38749.4,29.39,-1.73%
18/6/2021,39430.5,39279.2,40338.7,38900.8,37.69,1.36%
17/6/2021,38900.8,38522.3,39279.2,38522.3,26.28,-0.77%
16/6/2021,39203.5,39960.3,40111.7,38976.4,37.61,-2.63%
15/6/2021,40263,40111.7,40565.8,39884.6,28.22,-0.75%
14/6/2021,40565.8,40490.1,41095.5,39960.3,37.16,0.94%
11/6/2021,40187.4,39430.5,40263,39052.1,37.74,2.91%
10/6/2021,39052.1,37992.6,39808.9,37841.2,38.11,2.58%
9/6/2021,38068.3,37765.5,38900.8,37084.4,53.24,0.60%
8/6/2021,37841.2,39581.9,40036,37841.2,50.03,-5.12%
7/6/2021,39884.6,41322.6,41625.3,39354.9,45.05,-3.30%
4/6/2021,41246.9,41246.9,41852.4,41095.5,41.18,0.37%
3/6/2021,41095.5,40868.5,41322.6,40111.7,48.06,0.56%
2/6/2021,40868.5,41625.3,42003.7,40111.7,52,-2.70%
1/6/2021,42003.7,41322.6,42609.2,40868.5,43.44,5.31%
31/5/2021,39884.6,39884.6,39884.6,39203.5,78.4,6.62%
28/5/2021,37409.3,37409.3,37520.8,36907.6,52.89,0.45%
27/5/2021,37242.1,37743.8,37799.6,36907.6,33.63,-1.47%
26/5/2021,37799.6,37576.6,37799.6,37465.1,27.18,0.59%
25/5/2021,37576.6,36405.8,37799.6,36350,39.82,3.06%
24/5/2021,36461.5,36573.1,36851.8,36238.5,41.4,-0.31%
21/5/2021,36573.1,36851.8,37019.1,36461.5,40.28,-1.50%
20/5/2021,37130.6,36907.6,37186.3,36517.3,37.82,0.76%
19/5/2021,36851.8,35681,37186.3,35402.3,49.86,4.26%
18/5/2021,35346.5,34844.8,35513.8,34844.8,68.7,2.42%
17/5/2021,34510.2,34231.5,34789,33785.5,59.68,0.81%
14/5/2021,34231.5,34566,34844.8,34008.5,55.84,-0.16%
13/5/2021,34287.2,34789,35123.5,34287.2,43.27,-1.91%
12/5/2021,34956.3,34343,34956.3,34175.7,51.45,1.13%
11/5/2021,34566,35290.8,35290.8,34566,51.89,-1.59%
10/5/2021,35123.5,33897,35290.8,33897,49.42,3.62%
7/5/2021,33897,33005,34287.2,32949.2,51.87,2.36%
6/5/2021,33116.5,33060.7,33618.2,32781.9,37.93,0.17%
5/5/2021,33060.7,33451,33618.2,33060.7,42.94,-0.84%
4/5/2021,33339.5,31945.7,33674,31778.4,57.91,2.93%
29/4/2021,32391.7,31499.7,32726.2,31443.9,48.93,3.75%
28/4/2021,31220.9,31388.2,31499.7,30942.1,27.41,-0.53%
27/4/2021,31388.2,30719.1,31443.9,30328.9,37.37,2.18%
26/4/2021,30719.1,31499.7,31555.4,30663.4,44.15,-2.31%
23/4/2021,31443.9,30942.1,31443.9,30551.9,50.01,2.55%
22/4/2021,30663.4,31499.7,32280.2,30663.4,58,-3.85%
20/4/2021,31889.9,32335.9,32670.4,31220.9,66.39,-1.04%
19/4/2021,32224.4,30774.9,32224.4,30496.1,61.09,5.86%
16/4/2021,30440.4,30161.6,31053.6,29827.1,49.9,0.18%
15/4/2021,30384.6,29827.1,30496.1,29269.6,56.3,2.83%
14/4/2021,29548.4,27931.6,29715.6,27820.1,50.46,5.79%
13/4/2021,27931.6,28712.1,28712.1,27931.6,47.31,-2.15%
12/4/2021,28544.8,27820.1,28712.1,27736.4,47.4,3.33%
9/4/2021,27624.9,27485.5,27820.1,27346.2,27.42,0.41%
8/4/2021,27513.4,27597,27652.8,27318.3,21.01,-0.20%
7/4/2021,27569.2,27541.3,27652.8,27262.5,25.29,0.10%
6/4/2021,27541.3,27485.5,27624.9,27374,24.63,0.20%
5/4/2021,27485.5,27597,27652.8,27290.4,26.99,0.51%
2/4/2021,27346.2,27206.8,27485.5,27095.3,29.27,1.13%
1/4/2021,27039.5,26203.3,27039.5,26175.4,48.58,3.63%
31/3/2021,26091.8,25896.6,26398.4,25840.9,28.65,0.75%
30/3/2021,25896.6,25924.5,26063.9,25701.5,23.4,0.32%
29/3/2021,25813,25924.5,25980.2,25729.4,23.26,0.22%
26/3/2021,25757.2,25367,25757.2,25116.1,49.33,2.67%
25/3/2021,25088.2,25478.5,25506.4,24976.7,34.98,-0.99%
24/3/2021,25339.1,25673.6,25840.9,25144,41.51,-2.47%
23/3/2021,25980.2,26008.1,26259,25868.7,21.92,-0.32%
22/3/2021,26063.9,26370.5,26454.1,26036,19.39,-0.85%
19/3/2021,26286.9,25980.2,26454.1,25980.2,32.28,1.18%
18/3/2021,25980.2,26036,26063.9,25840.9,19.6,0.65%
17/3/2021,25813,25729.4,25896.6,25673.6,21.4,0.43%
16/3/2021,25701.5,25980.2,25980.2,25534.2,24.74,-0.86%
15/3/2021,25924.5,25980.2,26147.5,25868.7,20.89,0.11%
12/3/2021,25896.6,25980.2,25980.2,25757.2,21.33,0.11%
11/3/2021,25868.7,25590,26008.1,25534.2,27.32,1.75%
10/3/2021,25422.7,25562.1,25562.1,25171.8,27.68,-0.55%
9/3/2021,25562.1,25645.7,25757.2,25116.1,28.59,-0.97%
8/3/2021,25813,25980.2,26147.5,25645.7,31.2,0.65%
5/3/2021,25645.7,25450.6,25701.5,25144,37.55,0.22%
4/3/2021,25590,26147.5,26147.5,25088.2,49.07,-1.92%
3/3/2021,26091.8,25952.4,26231.1,25924.5,39.07,0.21%
2/3/2021,26036,26091.8,26259,25757.2,41.54,1.08%
1/3/2021,25757.2,25785.1,25813,25534.2,38.61,1.32%
26/2/2021,25422.7,24363.5,25478.5,24307.7,71.83,3.28%
25/2/2021,24614.3,24530.7,24753.7,24335.6,38.49,1.26%
24/2/2021,24307.7,24335.6,24753.7,24140.4,47.88,0.69%
23/2/2021,24140.4,24084.7,24391.3,23945.3,31.45,-0.23%
22/2/2021,24196.2,24224.1,24753.7,23973.2,37.49,-0.12%
19/2/2021,24224.1,24140.4,24475,24028.9,29.85,-0.91%
18/2/2021,24447.1,24196.2,24530.7,23945.3,37.46,0.92%
17/2/2021,24224.1,23666.6,24224.1,23582.9,42.56,3.95%
9/2/2021,23304.2,22802.4,23359.9,22551.5,45.92,2.20%
8/2/2021,22802.4,23694.4,23750.2,22300.6,57.77,-3.76%
5/2/2021,23694.4,23387.8,23805.9,23248.4,41.02,1.67%
4/2/2021,23304.2,23415.7,23527.2,23164.8,39.05,-0.48%
3/2/2021,23415.7,22969.7,23610.8,22858.2,61.14,3.70%
2/2/2021,22579.4,21464.4,22579.4,21325,50.09,5.61%
1/2/2021,21380.7,21743.1,22217,21297.1,37.42,-2.04%
29/1/2021,21826.8,20628.1,22272.8,20628.1,70.64,4.40%
28/1/2021,20906.9,20962.6,21771,20906.9,87.64,-6.95%
27/1/2021,22467.9,23081.2,23638.7,22021.9,49.24,-4.73%
26/1/2021,23582.9,24307.7,24307.7,23192.7,42.29,-3.20%
25/1/2021,24363.5,24112.6,25339.1,24028.9,58.08,0.11%
22/1/2021,24335.6,24698,24921,24279.8,25.97,-1.24%
21/1/2021,24642.2,23889.6,24642.2,23304.2,36.56,6.00%
20/1/2021,23248.4,23415.7,23945.3,22300.6,66.54,0.24%
19/1/2021,23192.7,24865.2,24865.2,23136.9,45.24,-6.73%
18/1/2021,24865.2,24809.5,25004.6,24670.1,31.79,0.22%
15/1/2021,24809.5,24698,25116.1,24698,25.95,0.11%
14/1/2021,24781.6,24921,24921,24447.1,30.76,-0.56%
13/1/2021,24921,25199.7,25339.1,24753.7,28.31,-0.45%
12/1/2021,25032.5,24084.7,25032.5,23917.4,39.91,4.30%
11/1/2021,24001.1,24028.9,24140.4,23750.2,29.21,0.70%
8/1/2021,23833.8,23917.4,24140.4,23750.2,35.06,-0.12%
7/1/2021,23861.7,24056.8,24084.7,23555.1,38.23,0.00%
6/1/2021,23861.7,23694.4,24140.4,23582.9,31.5,1.06%
5/1/2021,23610.8,23304.2,23861.7,23248.4,32.7,0.12%
4/1/2021,23582.9,23415.7,23973.2,23220.5,27.79,2.05%
31/12/2020,23109,22802.4,23276.3,22690.9,20.83,1.34%
30/12/2020,22802.4,23192.7,23192.7,22718.8,38.45,-1.68%
29/12/2020,23192.7,22997.5,23332,22886,23.59,0.12%
28/12/2020,23164.8,23304.2,23387.8,22858.2,36.9,1.96%
25/12/2020,22718.8,22300.6,22774.5,22021.9,39.78,2.00%
24/12/2020,22272.8,22635.2,22746.7,21520.1,32.48,-0.12%
23/12/2020,22300.6,21994,22969.7,21966.1,49.31,1.65%
22/12/2020,21938.3,21492.2,21994,21352.9,45.72,2.08%
21/12/2020,21492.2,21743.1,21771,21380.7,27.71,-0.13%
18/12/2020,21520.1,21241.4,21603.7,21129.9,35.02,2.52%
17/12/2020,20990.5,21408.6,21548,20990.5,53.78,-2.96%
16/12/2020,21631.6,21631.6,21938.3,21464.4,30.4,0.52%
15/12/2020,21520.1,21771,21826.8,21464.4,34.37,-1.66%
14/12/2020,21882.5,21966.1,22021.9,21715.3,25.42,1.16%
11/12/2020,21631.6,21185.6,21631.6,21018.4,29.21,3.19%
10/12/2020,20962.6,21464.4,21520.1,20739.6,53.36,-2.34%
9/12/2020,21464.4,21464.4,21520.1,21241.4,26.79,0.26%
8/12/2020,21408.6,21297.1,21631.6,21185.6,35.69,0.52%
7/12/2020,21297.1,20656,21408.6,20544.5,42.82,3.38%
4/12/2020,20600.2,20656,20767.5,20460.8,31.18,0.27%
3/12/2020,20544.5,19819.7,20544.5,19680.3,39.51,4.39%
2/12/2020,19680.3,19847.6,19875.4,19568.8,25.7,-0.84%
1/12/2020,19847.6,19457.3,19847.6,19262.2,38.26,0.28%
30/11/2020,19791.8,20210,20293.6,19791.8,30.64,-2.07%
27/11/2020,20210,19513.1,20293.6,19513.1,28.13,3.28%
26/11/2020,19568.8,19568.8,19736.1,19122.8,58.2,-1.40%
25/11/2020,19847.6,20516.6,20572.3,19624.6,97.75,-5.07%
24/11/2020,20906.9,21046.2,21464.4,20237.8,85.88,0.00%
23/11/2020,20906.9,19903.3,21102,19791.8,41.56,5.04%
20/11/2020,19903.3,19680.3,19903.3,19485.2,31.84,1.42%
19/11/2020,19624.6,19345.8,19791.8,19206.4,46.57,1.73%
18/11/2020,19290.1,18732.5,19290.1,18593.2,38.81,3.75%
17/11/2020,18593.2,18119.3,18593.2,18063.5,28.48,3.41%
16/11/2020,17979.9,18007.8,18258.7,17784.8,44.82,0.94%
13/11/2020,17812.6,17561.8,17812.6,17533.9,21.34,1.59%
12/11/2020,17533.9,17450.3,17561.8,17422.4,17.21,0.48%
11/11/2020,17450.3,17450.3,17617.5,17366.6,25.56,0.00%
10/11/2020,17450.3,17896.3,17952,17450.3,36.23,-0.63%
9/11/2020,17561.8,17171.5,17561.8,17115.7,32.14,3.62%
6/11/2020,16948.5,16892.7,17115.7,16837,23.54,0.50%
5/11/2020,16864.9,17087.9,17143.6,16864.9,20.36,-1.31%
4/11/2020,17087.9,17115.7,17283,16920.6,32.1,-0.16%
3/11/2020,17115.7,17283,17450.3,17032.1,30.75,0.33%
2/11/2020,17060,17032.1,17115.7,16920.6,18.23,0.16%
30/10/2020,17032.1,17171.5,17227.2,16669.7,33.41,-0.16%
29/10/2020,17060,16697.6,17143.6,16697.6,36.47,0.66%
28/10/2020,16948.5,17366.6,17645.4,16837,45.04,-3.18%
27/10/2020,17506,17060,17673.3,17032.1,44.37,1.95%
26/10/2020,17171.5,17283,17840.5,17115.7,35.73,-0.32%
23/10/2020,17227.2,16614,17227.2,16530.4,51.83,4.39%
22/10/2020,16502.5,16168,16502.5,16112.2,22.94,1.72%
21/10/2020,16223.7,16418.8,16502.5,16168,18.73,-0.85%
20/10/2020,16363.1,16028.6,16363.1,16000.7,23.38,1.56%
19/10/2020,16112.2,16251.6,16307.3,16084.3,19.2,-0.69%
16/10/2020,16223.7,16279.5,16446.7,16140.1,30.39,0.17%
15/10/2020,16195.8,16725.5,16725.5,16195.8,53.57,2.47%
14/10/2020,15805.6,15582.6,15805.6,15498.9,24.99,1.25%
13/10/2020,15610.4,15722,15749.8,15554.7,18.72,-0.89%
12/10/2020,15749.8,15972.8,16028.6,15638.3,21.51,-0.88%
9/10/2020,15889.2,15722,16000.7,15610.4,16.61,1.42%
8/10/2020,15666.2,15610.4,15666.2,15443.2,32.01,1.08%
7/10/2020,15498.9,15666.2,15777.7,15498.9,25.89,-1.59%
6/10/2020,15749.8,15303.8,15749.8,15164.4,41.44,3.29%
5/10/2020,15248.1,14969.3,15275.9,14969.3,22.45,2.43%
2/10/2020,14885.7,15080.8,15192.3,14495.4,35.47,-1.11%
1/10/2020,15052.9,14829.9,15164.4,14774.2,30.12,2.27%
30/9/2020,14718.4,14690.5,14802.1,14551.2,22.79,0.19%
29/9/2020,14690.5,14746.3,14941.4,14690.5,32.39,-0.19%
28/9/2020,14718.4,14383.9,14718.4,14328.2,30.84,2.52%
25/9/2020,14356,14383.9,14383.9,14216.7,17.72,0.39%
24/9/2020,14300.3,14328.2,14439.7,14216.7,21.82,-0.58%
23/9/2020,14383.9,14300.3,14439.7,14244.5,22.09,0.98%
22/9/2020,14244.5,14216.7,14328.2,14160.9,26.83,-0.58%
21/9/2020,14328.2,14439.7,14467.5,14272.4,20.41,0.00%
18/9/2020,14328.2,14244.5,14328.2,14216.7,21.89,1.18%
17/9/2020,14160.9,13798.5,14216.7,13770.6,46.96,2.83%
16/9/2020,13770.6,13798.5,13826.4,13714.9,12.09,0.00%
15/9/2020,13770.6,13798.5,13910,13742.8,15.55,0.41%
14/9/2020,13714.9,13659.1,13798.5,13659.1,22.33,0.61%
11/9/2020,13631.3,13687,13742.8,13631.3,20.49,-0.41%
10/9/2020,13687,13770.6,13854.3,13659.1,21.25,0.20%
9/9/2020,13659.1,13603.4,13910,13575.5,34.45,-0.61%
8/9/2020,13742.8,13714.9,13770.6,13631.3,21.52,0.61%
7/9/2020,13659.1,13937.9,13993.7,13659.1,25.16,-1.80%
4/9/2020,13910,13742.8,13993.7,13742.8,33.03,-0.20%
3/9/2020,13937.9,13937.9,14049.4,13882.1,25.54,0.81%
1/9/2020,13826.4,13687,13910,13631.3,29.4,1.02%
31/8/2020,13687,13491.9,13826.4,13491.9,23.4,1.03%
28/8/2020,13547.6,13659.1,13659.1,13519.8,20.36,0.00%
27/8/2020,13547.6,13491.9,13575.5,13436.1,15.45,0.41%
26/8/2020,13491.9,13659.1,13687,13491.9,28.65,-1.43%
25/8/2020,13687,13882.1,13965.8,13687,18.82,-1.01%
24/8/2020,13826.4,13659.1,13910,13603.4,24.45,1.85%
21/8/2020,13575.5,13436.1,13603.4,13408.3,15.67,1.04%
20/8/2020,13436.1,13519.8,13575.5,13380.4,17,-0.62%
19/8/2020,13519.8,13491.9,13603.4,13436.1,16.26,0.41%
18/8/2020,13464,13603.4,13603.4,13436.1,9,-0.62%
17/8/2020,13547.6,13408.3,13547.6,13352.5,14.79,0.83%
14/8/2020,13436.1,13659.1,13714.9,13324.6,26.95,-1.63%
13/8/2020,13659.1,13659.1,13714.9,13547.6,13.27,0.82%
12/8/2020,13547.6,13547.6,13659.1,13436.1,15.49,0.21%
11/8/2020,13519.8,13603.4,13687,13436.1,16.98,-0.21%
10/8/2020,13547.6,13631.3,13798.5,13547.6,24.82,0.41%
7/8/2020,13491.9,13380.4,13547.6,13352.5,21.35,0.62%
6/8/2020,13408.3,13436.1,13603.4,13268.9,24.12,-0.21%
5/8/2020,13436.1,12822.9,13575.5,12767.1,45.48,4.78%
4/8/2020,12822.9,12934.4,12990.1,12711.4,19.46,0.44%
3/8/2020,12767.1,12098.1,12822.9,12098.1,29.65,5.53%
31/7/2020,12098.1,11958.7,12293.2,11958.7,13.44,-1.81%
30/7/2020,12321.1,12209.6,12432.6,12181.7,19.93,1.61%
29/7/2020,12126,12432.6,12711.4,11791.5,32.55,-3.09%
28/7/2020,12513.1,12124.2,12581.8,11987,29.74,5.39%
27/7/2020,11872.6,11918.4,12421.6,11804,38.73,-3.35%
24/7/2020,12284.4,12810.5,12833.4,12032.7,44.83,-4.79%
23/7/2020,12902,12856.3,12902,12673.3,21.43,0.36%
22/7/2020,12856.3,12947.8,12993.5,12787.6,15.71,0.00%
21/7/2020,12856.3,12856.3,12924.9,12719,24.69,0.36%
20/7/2020,12810.5,13039.3,13130.8,12810.5,24.44,-1.93%
17/7/2020,13062.2,13130.8,13153.7,13062.2,14.24,-0.17%
16/7/2020,13085,12902,13222.3,12787.6,37.73,1.96%
15/7/2020,12833.4,12902,12993.5,12833.4,13.82,0.54%
14/7/2020,12764.8,12558.9,12787.6,12536,12.12,0.90%
13/7/2020,12650.4,12604.6,12741.9,12467.4,30.96,-0.36%
10/7/2020,12696.1,12810.5,12924.9,12627.5,30.45,-1.42%
9/7/2020,12879.1,12856.3,12947.8,12787.6,15.98,0.36%
8/7/2020,12833.4,12879.1,13016.4,12764.8,19.28,-1.06%
7/7/2020,12970.6,12696.1,13222.3,12673.3,59.07,2.72%
6/7/2020,12627.5,12673.3,12696.1,12558.9,20.56,0.36%
3/7/2020,12581.8,12673.3,12696.1,12536,17.08,-0.36%
2/7/2020,12627.5,12581.8,12696.1,12536,27.38,0.73%
1/7/2020,12536,12353,12581.8,12307.2,22.84,2.24%
30/6/2020,12261.5,12261.5,12536,12147.1,31.22,0.56%
29/6/2020,12192.9,12307.2,12353,12009.9,26.07,-2.02%
26/6/2020,12444.5,12536,12627.5,12353,19.72,-0.37%
25/6/2020,12490.3,12215.7,12719,12147.1,51.41,1.11%
24/6/2020,12353,12353,12513.1,12261.5,13.72,0.00%
23/6/2020,12353,12490.3,12673.3,12238.6,23.97,-1.10%
22/6/2020,12490.3,12536,12719,12330.1,20.49,-0.18%
19/6/2020,12513.1,12353,12513.1,12353,22.18,2.05%
18/6/2020,12261.5,11872.6,12284.4,11826.9,19.07,2.09%
17/6/2020,12009.9,11987,12101.4,11849.7,14.88,0.19%
16/6/2020,11987,11895.5,12078.5,11735.3,19.01,3.15%
15/6/2020,11621,12032.7,12124.2,11598.1,23.87,-4.15%
12/6/2020,12124.2,11209.2,12124.2,11209.2,39.76,3.92%
11/6/2020,11666.7,12284.4,12421.6,11666.7,48.17,-5.56%
10/6/2020,12353,12353,12536,12192.9,20.79,-0.37%
9/6/2020,12398.7,12787.6,12810.5,12330.1,39.37,-2.17%
8/6/2020,12673.3,12581.8,12856.3,12490.3,36.11,2.40%
5/6/2020,12375.9,12124.2,12490.3,11987,28.5,1.69%
4/6/2020,12170,12353,12536,12170,28.41,-1.30%
3/6/2020,12330.1,12375.9,12444.5,12170,25.31,-0.37%
2/6/2020,12375.9,12719,12719,12330.1,24.2,-2.17%
1/6/2020,12650.4,12719,12719,12558.9,16.9,0.91%
29/5/2020,12536,12490.3,12673.3,12353,26.49,0.74%
28/5/2020,12444.5,12581.8,12627.5,12307.2,30.51,0.00%
27/5/2020,12444.5,13085,13085,12444.5,41.65,-4.23%
26/5/2020,12993.5,12513.1,12993.5,12490.3,24.23,4.03%
25/5/2020,12490.3,12581.8,12719,12421.6,23.52,0.18%
22/5/2020,12467.4,12055.6,12558.9,12009.9,34.23,2.83%
21/5/2020,12124.2,12055.6,12147.1,11941.2,23.62,0.19%
20/5/2020,12101.4,11895.5,12170,11735.3,24.4,1.15%
19/5/2020,11964.1,12078.5,12284.4,11918.4,39.68,4.18%
18/5/2020,11483.7,11186.3,11483.7,10980.4,28.41,6.81%
15/5/2020,10751.7,10957.6,11003.3,10705.9,16.7,-1.88%
14/5/2020,10957.6,10888.9,11026.2,10843.2,13.73,-0.62%
13/5/2020,11026.2,10728.8,11071.9,10660.2,20.23,1.90%
12/5/2020,10820.3,10820.3,10934.7,10705.9,22.17,-1.25%
11/5/2020,10957.6,10843.2,11026.2,10660.2,15.21,2.35%
8/5/2020,10705.9,10888.9,11049.1,10705.9,26.29,-0.85%
7/5/2020,10797.4,10202.7,10797.4,10202.7,31.03,6.31%
6/5/2020,10156.9,9859.5,10156.9,9836.6,16.05,3.74%
5/5/2020,9790.9,9790.9,9905.3,9745.1,12.41,1.90%
4/5/2020,9607.9,9836.6,9859.5,9607.9,10.18,-2.32%
29/4/2020,9836.6,9790.9,9928.1,9607.9,15.68,0.47%
28/4/2020,9790.9,10065.4,10111.2,9722.3,16.19,-2.51%
27/4/2020,10042.5,10179.8,10339.9,9996.8,13.98,-0.68%
24/4/2020,10111.2,9928.1,10156.9,9745.1,17.48,2.32%
23/4/2020,9882.4,9745.1,10042.5,9745.1,17.58,3.85%
22/4/2020,9516.4,9379.1,9745.1,9287.6,23.25,2.97%
21/4/2020,9241.9,9493.5,9722.3,9219,25.13,-4.72%
20/4/2020,9699.4,9607.9,9836.6,9402,19.84,2.42%
17/4/2020,9470.6,9264.7,9516.4,9241.9,18.57,2.22%
16/4/2020,9264.7,9127.5,9333.4,9036,14.04,0.75%
15/4/2020,9196.1,9150.4,9287.6,9127.5,12.55,0.75%
14/4/2020,9127.5,8830.1,9127.5,8784.4,18.42,3.10%
13/4/2020,8853,8601.3,8921.6,8555.6,19.04,2.93%
10/4/2020,8601.3,8464.1,8692.8,8372.6,11.71,1.35%
9/4/2020,8487,8601.3,8692.8,8487,15.03,-0.80%
8/4/2020,8555.6,8418.3,8601.3,8372.6,10.75,-1.58%
7/4/2020,8692.8,8715.7,8738.6,8349.7,16.12,0.80%
6/4/2020,8624.2,8304,8624.2,8189.6,21.5,6.80%
3/4/2020,8075.2,7892.2,8098.1,7869.3,13.7,2.32%
1/4/2020,7892.2,7640.6,8006.6,7617.7,10.23,2.37%
31/3/2020,7709.2,7480.4,7937.9,6977.2,23.51,3.06%
30/3/2020,7480.4,7000,7640.6,6977.2,22.89,0.93%
27/3/2020,7411.8,7732.1,7777.8,7228.8,28.31,-4.42%
26/3/2020,7754.9,8029.4,8052.3,7732.1,17.93,-4.78%
25/3/2020,8143.8,8166.7,8166.7,7960.8,16.34,4.09%
24/3/2020,7823.6,7777.8,7937.9,7617.7,29.13,-1.16%
23/3/2020,7915.1,7960.8,8235.3,7915.1,27.27,-6.99%
20/3/2020,8509.8,8807.2,8830.1,8509.8,28.22,-2.87%
19/3/2020,8761.5,8875.9,8921.6,8647.1,16.37,-2.79%
18/3/2020,9013.1,8875.9,9196.1,8853,21.9,2.60%
17/3/2020,8784.4,8509.8,8830.1,8509.8,12.75,0.52%
16/3/2020,8738.6,8784.4,9081.7,8670,19.55,0.26%
13/3/2020,8715.7,8258.2,9013.1,8212.5,27.03,-1.04%
12/3/2020,8807.2,8944.5,9058.9,8761.5,27.46,-6.33%
11/3/2020,9402,9928.1,9973.9,9219,17.96,-5.08%
10/3/2020,9905.3,9379.1,9951,9379.1,17.14,3.84%
9/3/2020,9539.3,9539.3,9859.5,9539.3,34.89,-6.92%
6/3/2020,10248.4,10225.5,10271.3,10179.8,6.39,0.22%
5/3/2020,10225.5,10339.9,10362.8,10225.5,5.46,0.00%
4/3/2020,10225.5,10248.4,10339.9,10225.5,6.2,0.22%
3/3/2020,10202.7,10431.4,10431.4,10202.7,9.29,0.00%
2/3/2020,10202.7,10156.9,10294.2,10156.9,8.33,-0.22%
28/2/2020,10225.5,10317,10431.4,10179.8,13.87,-2.61%
27/2/2020,10500,10385.7,10545.8,10385.7,6.99,0.88%
26/2/2020,10408.5,10408.5,10522.9,10385.7,9.48,-1.52%
25/2/2020,10568.7,10339.9,10568.7,10339.9,11.17,1.76%
24/2/2020,10385.7,10408.5,10591.6,10385.7,27.25,-3.61%
21/2/2020,10774.6,10866.1,10888.9,10751.7,9.51,-0.84%
20/2/2020,10866.1,10728.8,10866.1,10637.3,11,2.15%
19/2/2020,10637.3,10660.2,10728.8,10568.7,11.54,-0.21%
18/2/2020,10660.2,10911.8,10911.8,10660.2,15.7,-1.89%
17/2/2020,10866.1,10843.2,10911.8,10797.4,5.72,0.21%
14/2/2020,10843.2,10797.4,10866.1,10683.1,10.64,0.00%
13/2/2020,10843.2,10866.1,10934.7,10797.4,11.08,-0.42%
12/2/2020,10888.9,10751.7,11049.1,10728.8,20.18,0.85%
11/2/2020,10797.4,11186.3,11255,10728.8,26.43,-3.08%
10/2/2020,11140.6,10980.4,11277.8,10957.6,10.1,0.00%
7/2/2020,11140.6,11529.5,11575.2,11071.9,17.1,-3.37%
6/2/2020,11529.5,11140.6,11529.5,11117.7,19.4,3.07%
5/2/2020,11186.3,11369.3,11438,11071.9,14.61,-0.61%
4/2/2020,11255,11277.8,11346.5,11026.2,17.03,0.20%
3/2/2020,11232.1,10660.2,11346.5,10385.7,25.44,1.87%
31/1/2020,11026.2,11438,11575.2,11026.2,23.16,-4.74%
30/1/2020,11575.2,11689.6,11849.7,11415.1,27.44,-3.80%
22/1/2020,12032.7,11826.9,12078.5,11826.9,18.79,1.74%
21/1/2020,11826.9,11781.1,11895.5,11689.6,12.45,1.37%
20/1/2020,11666.7,11438,11666.7,11300.7,12.03,2.00%
17/1/2020,11438,11575.2,11735.3,11392.2,13.33,-1.19%
16/1/2020,11575.2,11438,11598.1,11415.1,14.44,0.60%
15/1/2020,11506.6,11460.8,11598.1,11392.2,12.39,0.60%
14/1/2020,11438,11094.8,11460.8,11071.9,20.14,3.09%
13/1/2020,11094.8,11071.9,11163.4,11026.2,9.39,0.21%
10/1/2020,11071.9,11026.2,11232.1,11003.3,21.07,0.83%
9/1/2020,10980.4,10797.4,11049.1,10797.4,9.72,2.35%
8/1/2020,10728.8,10751.7,10820.3,10591.6,13.52,-1.06%
7/1/2020,10843.2,11026.2,11071.9,10797.4,10.26,-1.25%
6/1/2020,10980.4,10980.4,11094.8,10911.8,11.31,-0.62%
3/1/2020,11049.1,11071.9,11140.6,11003.3,16.49,0.63%
2/1/2020,10980.4,10751.7,10980.4,10683.1,8.91,2.13%
31/12/2019,10751.7,10820.3,10843.2,10683.1,6.06,-0.63%
30/12/2019,10820.3,10820.3,10911.8,10751.7,6.19,0.42%
27/12/2019,10774.6,10522.9,10774.6,10454.3,8.81,2.39%
26/12/2019,10522.9,10660.2,10660.2,10522.9,6.33,-0.65%
25/12/2019,10591.6,10614.4,10705.9,10591.6,5.01,-0.21%
24/12/2019,10614.4,10545.8,10660.2,10500,6.78,0.65%
23/12/2019,10545.8,10591.6,10751.7,10500,8.44,0.22%
20/12/2019,10522.9,10500,10637.3,10431.4,11.4,0.88%
19/12/2019,10431.4,10317,10568.7,10317,12.12,1.11%
18/12/2019,10317,10591.6,10591.6,10294.2,15.98,-2.59%
17/12/2019,10591.6,10866.1,10911.8,10477.2,20.78,-2.53%
16/12/2019,10866.1,10888.9,10934.7,10774.6,10.78,-0.21%
13/12/2019,10888.9,11071.9,11209.2,10888.9,19.96,-1.65%
12/12/2019,11071.9,11117.7,11163.4,11026.2,8.74,-0.82%
11/12/2019,11163.4,11117.7,11163.4,10934.7,11.38,0.00%
10/12/2019,11163.4,11071.9,11232.1,11026.2,21.4,0.83%
9/12/2019,11071.9,10911.8,11186.3,10911.8,16.64,1.47%
6/12/2019,10911.8,10568.7,10934.7,10568.7,15.01,3.25%
5/12/2019,10568.7,10683.1,10728.8,10545.8,10.91,-1.49%
4/12/2019,10728.8,10705.9,10797.4,10683.1,10.35,0.00%
3/12/2019,10728.8,10500,10843.2,10385.7,19.65,2.18%
2/12/2019,10500,10454.3,10614.4,10454.3,19.16,0.44%
29/11/2019,10454.3,10339.9,10500,10271.3,13.35,1.11%
28/11/2019,10339.9,10339.9,10385.7,10271.3,7.91,0.00%
27/11/2019,10339.9,10408.5,10431.4,10317,7.42,-0.22%
26/11/2019,10362.8,10225.5,10431.4,10225.5,11.56,1.80%
25/11/2019,10179.8,10134,10225.5,10065.4,8.92,0.68%
22/11/2019,10111.2,10156.9,10225.5,10065.4,12.14,0.46%
21/11/2019,10065.4,10202.7,10225.5,10065.4,15.8,-1.79%
20/11/2019,10248.4,10431.4,10431.4,10179.8,14.66,-1.75%
19/11/2019,10431.4,10500,10500,10385.7,8.78,-0.44%
18/11/2019,10477.2,10385.7,10522.9,10385.7,8.08,1.10%
15/11/2019,10362.8,10362.8,10431.4,10317,7.23,0.00%
14/11/2019,10362.8,10362.8,10454.3,10294.2,11.64,0.00%
13/11/2019,10362.8,10568.7,10591.6,10362.8,13.72,-1.52%
12/11/2019,10522.9,10408.5,10568.7,10317,13.8,0.88%
11/11/2019,10431.4,10339.9,10568.7,10339.9,16.85,0.44%
8/11/2019,10385.7,10385.7,10431.4,10294.2,11.12,0.00%
7/11/2019,10385.7,10134,10408.5,10111.2,27.89,3.18%
6/11/2019,10065.4,10065.4,10134,10042.5,9.53,0.46%
5/11/2019,10019.7,9973.9,10134,9951,11.62,0.69%
4/11/2019,9951,10111.2,10156.9,9928.1,12.72,-0.69%
1/11/2019,10019.7,10019.7,10111.2,9973.9,8.55,0.46%
31/10/2019,9973.9,10065.4,10088.3,9928.1,12.15,-0.91%
30/10/2019,10065.4,10179.8,10179.8,10065.4,6.46,-0.90%
29/10/2019,10156.9,10156.9,10271.3,10111.2,11.25,0.00%
28/10/2019,10156.9,9973.9,10202.7,9905.3,15.33,1.83%
25/10/2019,9973.9,10065.4,10065.4,9951,5.01,-0.91%
24/10/2019,10065.4,10019.7,10111.2,9996.8,10.83,0.69%
23/10/2019,9996.8,9882.4,10111.2,9882.4,14.52,1.16%
22/10/2019,9882.4,9699.4,9905.3,9699.4,8.63,1.89%
21/10/2019,9699.4,9790.9,9813.8,9699.4,6.68,-0.93%
18/10/2019,9790.9,9859.5,9859.5,9745.1,4.82,0.00%
17/10/2019,9790.9,9745.1,9905.3,9745.1,10.17,0.47%
16/10/2019,9745.1,9790.9,9836.6,9745.1,5.52,-0.23%
15/10/2019,9768,9836.6,9928.1,9768,7.61,-0.47%
14/10/2019,9813.8,9928.1,9928.1,9813.8,6.23,-0.23%
11/10/2019,9836.6,9882.4,9928.1,9790.9,8.74,0.00%
10/10/2019,9836.6,10019.7,10111.2,9836.6,8.29,-1.83%
9/10/2019,10019.7,10019.7,10019.7,9928.1,6.49,0.00%
8/10/2019,10019.7,9790.9,10019.7,9722.3,8.38,2.82%
7/10/2019,9745.1,9768,9836.6,9699.4,6.99,-0.23%
4/10/2019,9768,9882.4,9928.1,9745.1,10.06,-0.93%
3/10/2019,9859.5,9928.1,9928.1,9813.8,9.6,-0.92%
2/10/2019,9951,10065.4,10088.3,9928.1,9.19,-0.69%
1/10/2019,10019.7,10042.5,10156.9,9996.8,8.56,-0.23%
30/9/2019,10042.5,10156.9,10179.8,10042.5,7.21,-0.90%
27/9/2019,10134,10179.8,10271.3,10134,6.72,-0.45%
26/9/2019,10179.8,10065.4,10179.8,9928.1,7.02,1.60%
25/9/2019,10019.7,10111.2,10111.2,9951,8.34,-1.13%
24/9/2019,10134,10042.5,10134,9996.8,4.18,0.68%
23/9/2019,10065.4,10339.9,10339.9,10065.4,11.28,-2.87%
20/9/2019,10362.8,10500,10500,10317,10.74,-1.31%
19/9/2019,10500,10522.9,10545.8,10385.7,7.18,-0.22%
18/9/2019,10522.9,10385.7,10545.8,10339.9,12.95,1.32%
17/9/2019,10385.7,10362.8,10385.7,10248.4,7.58,0.22%
16/9/2019,10362.8,10271.3,10362.8,10179.8,11.37,0.22%
13/9/2019,10339.9,10294.2,10362.8,10248.4,9.82,0.22%
12/9/2019,10317,10134,10339.9,10134,11.72,2.27%
11/9/2019,10088.3,9745.1,10088.3,9722.3,9.9,3.52%
10/9/2019,9745.1,9699.4,9768,9653.6,7.27,0.47%
9/9/2019,9699.4,9836.6,9859.5,9699.4,7.48,-0.93%
6/9/2019,9790.9,9973.9,10019.7,9790.9,8.86,-1.38%
5/9/2019,9928.1,9905.3,10042.5,9882.4,5.22,0.46%
4/9/2019,9882.4,9836.6,9973.9,9836.6,12.32,-0.23%
3/9/2019,9905.3,10156.9,10202.7,9905.3,11.32,-2.48%
30/8/2019,10156.9,10134,10271.3,10088.3,7.01,0.23%
29/8/2019,10134,10179.8,10179.8,10065.4,10.41,-0.45%
28/8/2019,10179.8,10248.4,10294.2,10111.2,9.13,-0.67%
27/8/2019,10248.4,10522.9,10545.8,10248.4,18.94,-1.75%
26/8/2019,10431.4,10568.7,10591.6,10385.7,11.96,-2.56%
23/8/2019,10705.9,10637.3,10728.8,10568.7,11.34,1.52%
22/8/2019,10545.8,10660.2,10683.1,10522.9,6.98,-0.65%
21/8/2019,10614.4,10477.2,10637.3,10431.4,10.15,1.31%
20/8/2019,10477.2,10545.8,10660.2,10408.5,10.09,-0.65%
19/8/2019,10545.8,10522.9,10660.2,10500,5.35,0.00%
16/8/2019,10545.8,10637.3,10683.1,10477.2,18.65,-0.86%
15/8/2019,10637.3,10522.9,10637.3,10431.4,14.49,-0.85%
14/8/2019,10728.8,10888.9,10888.9,10705.9,8.15,0.00%
13/8/2019,10728.8,10660.2,10934.7,10660.2,13.52,-0.64%
12/8/2019,10797.4,10568.7,10911.8,10568.7,17.12,2.16%
9/8/2019,10568.7,10705.9,10751.7,10522.9,7.76,-0.86%
8/8/2019,10660.2,10134,10660.2,10134,23.43,5.43%
7/8/2019,10111.2,10019.7,10134,9973.9,7.34,1.61%
6/8/2019,9951,9859.5,10065.4,9859.5,11.9,-1.81%
5/8/2019,10134,10225.5,10294.2,10065.4,12.98,-1.34%
2/8/2019,10271.3,10156.9,10317,10111.2,15.04,-0.66%
1/8/2019,10339.9,10294.2,10408.5,10179.8,12.53,0.22%
31/7/2019,10317,9790.9,10317,9745.1,13.77,4.88%
30/7/2019,9836.6,10111.2,10156.9,9836.6,12.87,-2.72%
29/7/2019,10111.2,10317,10317,9951,14.65,-1.99%
26/7/2019,10317,10339.9,10545.8,10271.3,20.62,0.67%
25/7/2019,10248.4,9836.6,10248.4,9836.6,19.95,3.94%
24/7/2019,9859.5,9928.1,9973.9,9790.9,7.79,-0.69%
23/7/2019,9928.1,9516.4,9951,9516.4,18.98,4.58%
22/7/2019,9493.5,9424.9,9699.4,9287.6,14.5,0.73%
19/7/2019,9424.9,9607.9,9699.4,9333.4,23.55,-1.67%
18/7/2019,9585,9768,9790.9,9539.3,17.86,-1.87%
17/7/2019,9768,9905.3,9905.3,9745.1,11.5,-1.16%
16/7/2019,9882.4,9882.4,9905.3,9813.8,7.32,0.70%
15/7/2019,9813.8,10065.4,10065.4,9813.8,8.22,-2.05%
12/7/2019,10019.7,9928.1,10065.4,9905.3,7.09,1.62%
11/7/2019,9859.5,9790.9,9905.3,9790.9,6.54,0.94%
10/7/2019,9768,9790.9,9951,9745.1,7.89,0.00%
9/7/2019,9768,9973.9,10042.5,9768,13.3,-1.84%
8/7/2019,9951,10156.9,10202.7,9928.1,15.65,-2.47%
5/7/2019,10202.7,10202.7,10271.3,10134,6.46,0.00%
4/7/2019,10202.7,10065.4,10294.2,10065.4,10.65,0.68%
3/7/2019,10134,10339.9,10362.8,10111.2,13.3,-1.99%
2/7/2019,10339.9,10522.9,10522.9,10317,10.06,-1.74%
1/7/2019,10522.9,10614.4,10660.2,10431.4,8.08,-2.13%
28/6/2019,10751.7,10317,10751.7,10271.3,8.26,4.21%
27/6/2019,10317,10477.2,10500,10317,7.91,-1.53%
26/6/2019,10477.2,10545.8,10637.3,10477.2,4.01,-0.87%
25/6/2019,10568.7,10614.4,10705.9,10522.9,6.92,-1.07%
24/6/2019,10683.1,10888.9,11003.3,10660.2,6.51,-1.48%
21/6/2019,10843.2,10934.7,10934.7,10797.4,9.33,0.42%
20/6/2019,10797.4,11026.2,11026.2,10797.4,9.2,-1.05%
19/6/2019,10911.8,10728.8,10911.8,10660.2,17.62,3.47%
18/6/2019,10545.8,10271.3,10568.7,10271.3,10.65,2.67%
17/6/2019,10271.3,10500,10522.9,10271.3,7.67,-2.18%
14/6/2019,10500,10522.9,10545.8,10500,4.36,-0.22%
13/6/2019,10522.9,10705.9,10705.9,10477.2,5.31,-0.43%
12/6/2019,10568.7,10477.2,10637.3,10454.3,6.6,0.44%
11/6/2019,10522.9,10522.9,10614.4,10385.7,9.29,0.44%
10/6/2019,10477.2,10637.3,10705.9,10454.3,13.83,-0.22%
7/6/2019,10500,10522.9,10660.2,10454.3,10.74,1.10%
6/6/2019,10385.7,10934.7,10934.7,10225.5,14.92,-4.62%
5/6/2019,10888.9,11163.4,11300.7,10843.2,6.29,-2.06%
4/6/2019,11117.7,11255,11346.5,11003.3,7.03,0.29%
3/6/2019,11086,11279.6,11297.2,11050.8,33.61,-1.87%
31/5/2019,11297.2,11262,11332.4,11262,9.29,0.31%
30/5/2019,11262,11438,11438,11244.4,11.48,-1.54%
29/5/2019,11438,11367.6,11438,11279.6,4.55,1.40%
28/5/2019,11279.6,11438,11438,11279.6,7.77,-0.47%
27/5/2019,11332.4,11297.2,11385.2,11297.2,4.65,0.16%
24/5/2019,11314.8,11438,11490.8,11314.8,10.04,-1.83%
23/5/2019,11525.9,11613.9,11631.5,11490.8,6.94,-0.76%
22/5/2019,11613.9,11613.9,11754.7,11578.7,6.88,0.30%
21/5/2019,11578.7,11596.3,11684.3,11543.5,5.88,0.30%
20/5/2019,11543.5,11350,11631.5,11350,6.07,1.70%
17/5/2019,11350,11367.6,11402.8,11332.4,4.08,-0.15%
16/5/2019,11367.6,11420.4,11508.4,11367.6,3.77,-0.31%
15/5/2019,11402.8,11402.8,11508.4,11367.6,6.95,0.00%
14/5/2019,11402.8,11156.4,11402.8,11156.4,4.98,1.09%
13/5/2019,11279.6,11596.3,11596.3,11262,10.43,-2.43%
10/5/2019,11561.1,11649.1,11684.3,11473.2,5.23,-0.15%
9/5/2019,11578.7,11631.5,11701.9,11473.2,5.78,-0.75%
8/5/2019,11666.7,11701.9,11719.5,11613.9,7.7,-1.04%
7/5/2019,11789.9,11895.5,11895.5,11754.7,7.72,0.15%
6/5/2019,11772.3,11754.7,11895.5,11684.3,12.32,-2.05%
3/5/2019,12018.7,11965.9,12106.6,11860.3,9.57,0.44%
2/5/2019,11965.9,11860.3,11965.9,11719.5,10.42,1.19%
26/4/2019,11825.1,11684.3,11895.5,11649.1,7.72,1.51%
25/4/2019,11649.1,11789.9,11842.7,11613.9,11.21,-0.75%
24/4/2019,11737.1,11262,11737.1,11226.8,15.88,4.55%
23/4/2019,11226.8,11262,11262,11209.2,4.62,0.16%
22/4/2019,11209.2,11033.2,11297.2,11033.2,4.99,0.79%
19/4/2019,11121.2,11033.2,11156.4,11033.2,3.32,0.96%
18/4/2019,11015.6,11050.8,11103.6,11015.6,6.54,-0.95%
17/4/2019,11121.2,11174,11209.2,11086,5.09,-0.47%
16/4/2019,11174,11226.8,11262,11103.6,4.23,-0.94%
12/4/2019,11279.6,11244.4,11279.6,11209.2,4.32,0.31%
11/4/2019,11244.4,11262,11279.6,11209.2,4.15,0.00%
10/4/2019,11244.4,11262,11279.6,11138.8,6.04,-0.47%
9/4/2019,11297.2,11420.4,11438,11262,7.9,-0.93%
8/4/2019,11402.8,11438,11490.8,11367.6,3.78,-0.31%
5/4/2019,11438,11402.8,11490.8,11350,5.03,0.31%
4/4/2019,11402.8,11314.8,11402.8,11262,7.57,0.93%
3/4/2019,11297.2,11262,11314.8,11226.8,10.34,0.00%
2/4/2019,11297.2,11332.4,11350,11244.4,4.92,0.47%
1/4/2019,11244.4,11279.6,11332.4,11226.8,10.05,-0.78%
29/3/2019,11332.4,11455.6,11508.4,11226.8,17.89,-0.77%
28/3/2019,11420.4,11314.8,11420.4,11297.2,6.88,0.31%
27/3/2019,11385.2,11226.8,11385.2,11138.8,6.95,2.37%
26/3/2019,11121.2,11121.2,11174,11015.6,9.63,0.64%
25/3/2019,11050.8,10945.3,11138.8,10945.3,10.23,-1.72%
22/3/2019,11244.4,11297.2,11332.4,11209.2,11.48,-0.16%
21/3/2019,11262,11367.6,11420.4,11244.4,7.5,-0.93%
20/3/2019,11367.6,11086,11473.2,11086,15.4,1.25%
19/3/2019,11226.8,11191.6,11244.4,10945.3,20.22,0.16%
18/3/2019,11209.2,11086,11402.8,10751.7,28.96,-0.16%
15/3/2019,11226.8,11613.9,11649.1,11209.2,46.62,-6.73%
14/3/2019,12036.3,12089,12194.6,11930.7,12.27,-0.44%
13/3/2019,12089,11965.9,12089,11930.7,8.76,1.48%
12/3/2019,11913.1,12001.1,12018.7,11860.3,14.41,0.15%
11/3/2019,11895.5,12036.3,12036.3,11825.1,13.3,-0.44%
8/3/2019,11948.3,11789.9,12071.5,11754.7,12.74,-0.44%
7/3/2019,12001.1,12317.8,12335.4,12001.1,12.47,-2.57%
6/3/2019,12317.8,12317.8,12388.2,12106.6,9.24,-0.14%
5/3/2019,12335.4,12353,12529,12300.2,15.62,-0.85%
4/3/2019,12441,12229.8,12441,12212.2,13.74,3.21%
1/3/2019,12053.9,11825.1,12053.9,11825.1,12.62,1.93%
28/2/2019,11825.1,12159.4,12177,11825.1,19.04,-2.33%
27/2/2019,12106.6,12300.2,12300.2,12018.7,13.69,-0.29%
26/2/2019,12141.8,12247.4,12458.6,12053.9,20.21,-0.86%
25/2/2019,12247.4,12124.2,12511.4,12036.3,32.26,2.65%
22/2/2019,11930.7,11490.8,11948.3,11455.6,22.64,3.67%
21/2/2019,11508.4,11367.6,11508.4,11226.8,16.45,1.55%
20/2/2019,11332.4,11156.4,11367.6,11138.8,16.09,1.58%
19/2/2019,11156.4,11420.4,11438,11138.8,16.17,-1.40%
18/2/2019,11314.8,11297.2,11455.6,11244.4,17.45,1.74%
15/2/2019,11121.2,10910.1,11438,10839.7,25.53,1.93%
14/2/2019,10910.1,10874.9,11015.6,10839.7,17.67,0.32%
13/2/2019,10874.9,10382.2,10945.3,10382.2,30.33,4.75%
12/2/2019,10382.2,10171,10505.3,10118.2,21.77,2.08%
11/2/2019,10171,9766.3,10171,9713.5,7.77,5.86%
1/2/2019,9607.9,9801.5,9924.6,9502.3,19.44,-1.44%
31/1/2019,9748.7,10206.2,10259,9713.5,19.63,-4.48%
30/1/2019,10206.2,10417.3,10417.3,10153.4,18.52,-2.36%
29/1/2019,10452.5,10505.3,10505.3,10382.2,4.97,-0.17%
28/1/2019,10470.1,10487.7,10487.7,10417.3,4.69,0.17%
25/1/2019,10452.5,10558.1,10593.3,10399.7,4.41,-0.50%
24/1/2019,10505.3,10593.3,10698.9,10505.3,6.54,-0.67%
23/1/2019,10575.7,10347,10698.9,10329.4,10.37,1.86%
22/1/2019,10382.2,10452.5,10505.3,10364.6,4.56,-0.17%
21/1/2019,10399.7,10311.8,10470.1,10276.6,5.25,1.20%
18/1/2019,10276.6,10311.8,10364.6,10259,5.81,1.04%
17/1/2019,10171,10364.6,10364.6,10171,5.36,-1.87%
16/1/2019,10364.6,10347,10434.9,10259,8.16,0.51%
15/1/2019,10311.8,10311.8,10417.3,10259,7.23,0.00%
14/1/2019,10311.8,10347,10364.6,10153.4,8.83,-0.17%
11/1/2019,10329.4,10487.7,10522.9,10329.4,7.28,-1.51%
10/1/2019,10487.7,10417.3,10593.3,10382.2,4.88,1.02%
9/1/2019,10382.2,10206.2,10487.7,10206.2,5.14,2.25%
8/1/2019,10153.4,10347,10382.2,10100.6,8.63,-1.70%
7/1/2019,10329.4,10663.7,10681.3,10259,6.81,-1.18%
4/1/2019,10452.5,10347,10558.1,10100.6,15.99,0.68%
3/1/2019,10382.2,10822.1,10874.9,10382.2,18.83,-4.22%
2/1/2019,10839.7,10874.9,11068.4,10839.7,11.49,-0.48%
28/12/2018,10892.5,10839.7,10892.5,10734.1,20.46,0.00%
27/12/2018,10892.5,10857.3,10945.3,10663.7,13.34,2.15%
26/12/2018,10663.7,10698.9,10698.9,10470.1,10.48,-0.33%
25/12/2018,10698.9,10434.9,10698.9,10188.6,13.14,-0.33%
24/12/2018,10734.1,10540.5,10734.1,10540.5,8.93,1.84%
21/12/2018,10540.5,10311.8,10558.1,10311.8,12.21,0.00%
20/12/2018,10540.5,10417.3,10610.9,10311.8,16.7,0.84%
19/12/2018,10452.5,10945.3,11050.8,10206.2,30.03,-4.50%
18/12/2018,10945.3,11156.4,11279.6,10786.9,22.34,-4.01%
17/12/2018,11402.8,11789.9,11789.9,11402.8,12.27,-3.28%
14/12/2018,11789.9,11948.3,11948.3,11754.7,10.58,-1.47%
13/12/2018,11965.9,11913.1,12001.1,11860.3,15,1.19%
12/12/2018,11825.1,11789.9,11877.9,11613.9,9.81,0.45%
11/12/2018,11772.3,11825.1,11948.3,11543.5,19.11,-0.89%
10/12/2018,11877.9,12141.8,12177,11842.7,14.78,-2.60%
7/12/2018,12194.6,12282.6,12317.8,12159.4,9.21,0.14%
6/12/2018,12177,12353,12458.6,12141.8,12.68,-1.98%
5/12/2018,12423.4,12089,12493.8,12053.9,22.15,2.02%
4/12/2018,12177,12317.8,12388.2,12053.9,11.8,-0.57%
3/12/2018,12247.4,11965.9,12317.8,11965.9,10.32,4.82%
30/11/2018,11684.3,11965.9,11965.9,11684.3,20.45,-2.92%
29/11/2018,12036.3,12458.6,12546.6,12036.3,11.11,-2.84%
28/11/2018,12388.2,12564.2,12617,12300.2,11.2,-1.12%
27/11/2018,12529,12599.4,12740.1,12529,5.19,0.00%
26/11/2018,12529,12529,12740.1,12511.4,6.78,0.14%
23/11/2018,12511.4,12599.4,12669.7,12493.8,5.63,-0.70%
22/11/2018,12599.4,12880.9,12933.7,12599.4,7.51,-1.92%
21/11/2018,12845.7,12687.3,12951.3,12669.7,10.42,0.00%
20/11/2018,12845.7,12529,12898.5,12458.6,15.63,2.96%
19/11/2018,12476.2,12493.8,12599.4,12370.6,4.56,0.71%
16/11/2018,12388.2,12493.8,12564.2,12335.4,6.36,0.57%
15/11/2018,12317.8,12493.8,12652.1,12229.8,18.7,-2.24%
14/11/2018,12599.4,12968.9,12968.9,12405.8,22.65,-2.98%
13/11/2018,12986.5,13021.7,13127.3,12951.3,14.79,-1.73%
12/11/2018,13215.2,13232.8,13285.6,13074.5,7.68,-0.13%
9/11/2018,13232.8,13584.8,13672.8,13232.8,15.63,-3.34%
8/11/2018,13690.4,14024.7,14024.7,13690.4,7.67,-0.64%
7/11/2018,13778.3,13936.7,14007.1,13778.3,7.7,-1.14%
6/11/2018,13936.7,14112.7,14130.3,13936.7,4.65,-1.00%
5/11/2018,14077.5,13936.7,14077.5,13901.5,6.12,0.00%
2/11/2018,14077.5,14077.5,14130.3,14007.1,9.84,1.01%
1/11/2018,13936.7,14042.3,14059.9,13866.3,6.14,-1.62%
31/10/2018,14165.5,13760.7,14165.5,13743.2,11.61,4.01%
30/10/2018,13620,13584.8,13848.7,13584.8,7.35,-0.39%
29/10/2018,13672.8,13602.4,13690.4,13584.8,12.21,-0.13%
26/10/2018,13690.4,13831.1,13936.7,13690.4,14.09,-0.26%
25/10/2018,13725.6,13373.6,13778.3,13320.8,19.83,-0.51%
24/10/2018,13795.9,13795.9,14042.3,13795.9,14.27,-0.76%
23/10/2018,13901.5,14059.9,14059.9,13690.4,27.41,-1.50%
22/10/2018,14112.7,14359,14411.8,14112.7,7.02,-1.59%
19/10/2018,14341.4,14323.8,14447,14218.3,13.67,-0.61%
18/10/2018,14429.4,14429.4,14482.2,14323.8,11.18,0.00%
17/10/2018,14429.4,14499.8,14517.4,14376.6,14.03,0.61%
16/10/2018,14341.4,14200.7,14341.4,14200.7,7.96,0.99%
15/10/2018,14200.7,14323.8,14323.8,14147.9,11.55,-1.10%
12/10/2018,14359,13866.3,14359,13866.3,18.06,2.26%
11/10/2018,14042.3,14112.7,14288.7,13831.1,43.78,-3.62%
10/10/2018,14570.2,14464.6,14693.4,14411.8,18.46,0.98%
9/10/2018,14429.4,14605.4,14605.4,14429.4,10.15,-0.49%
8/10/2018,14499.8,14499.8,14587.8,14447,10.24,-0.60%
5/10/2018,14587.8,14570.2,14746.2,14499.8,16.56,0.12%
4/10/2018,14570.2,14499.8,14570.2,14394.2,32.6,0.24%
3/10/2018,14535,14429.4,14640.6,14429.4,13.67,0.00%
2/10/2018,14535,14693.4,14799,14482.2,29.03,-2.59%
1/10/2018,14922.1,14886.9,15115.7,14799,18.66,0.24%
28/9/2018,14886.9,14640.6,14904.5,14605.4,26.33,1.80%
27/9/2018,14623,14499.8,14640.6,14464.6,15.31,1.34%
26/9/2018,14429.4,14517.4,14587.8,14429.4,13.73,-0.61%
25/9/2018,14517.4,14429.4,14570.2,14376.6,12.25,-0.12%
24/9/2018,14535,14675.8,14675.8,14464.6,12.13,0.00%
21/9/2018,14535,14429.4,14570.2,14306.3,39.08,0.98%
20/9/2018,14394.2,14042.3,14394.2,13971.9,27.31,3.15%
19/9/2018,13954.3,14007.1,14042.3,13936.7,12.29,0.51%
18/9/2018,13883.9,13795.9,13883.9,13655.2,19.94,0.00%
17/9/2018,13883.9,13831.1,13954.3,13778.3,6.5,-0.13%
14/9/2018,13901.5,14007.1,14095.1,13901.5,12.74,-0.63%
13/9/2018,13989.5,13971.9,14165.5,13901.5,13.01,0.63%
12/9/2018,13901.5,14112.7,14165.5,13901.5,15.35,-1.25%
11/9/2018,14077.5,13743.2,14147.9,13743.2,18.94,2.04%
10/9/2018,13795.9,13954.3,14007.1,13795.9,7.05,-1.26%
7/9/2018,13971.9,13584.8,14007.1,13584.8,14.8,2.72%
6/9/2018,13602.4,13584.8,13795.9,13549.6,12.28,0.13%
5/9/2018,13584.8,13655.2,13813.5,13549.6,12.68,-1.03%
4/9/2018,13725.6,13971.9,14042.3,13725.6,12.25,-2.38%
31/8/2018,14059.9,14007.1,14200.7,13936.7,16.79,0.76%
30/8/2018,13954.3,13936.7,14007.1,13778.3,17.65,0.13%
29/8/2018,13936.7,14077.5,14306.3,13936.7,18.83,-0.75%
28/8/2018,14042.3,13725.6,14147.9,13725.6,30.15,2.44%
27/8/2018,13708,13584.8,13831.1,13549.6,14.97,1.56%
24/8/2018,13496.8,13373.6,13514.4,13303.2,15.54,0.66%
23/8/2018,13408.8,13338.4,13496.8,13338.4,10.54,0.26%
22/8/2018,13373.6,13232.8,13514.4,13180.1,16.58,1.33%
21/8/2018,13197.6,13056.9,13197.6,13039.3,9.37,0.67%
20/8/2018,13109.7,13268,13268,13074.5,9.7,-1.19%
17/8/2018,13268,13338.4,13444,13180.1,10.25,0.53%
16/8/2018,13197.6,13021.7,13268,13004.1,19.15,0.00%
15/8/2018,13197.6,13549.6,13637.6,13127.3,12.83,-2.60%
14/8/2018,13549.6,13549.6,13690.4,13461.6,14.55,0.52%
13/8/2018,13479.2,12986.5,13496.8,12916.1,31.21,3.51%
10/8/2018,13021.7,12828.1,13056.9,12828.1,11.52,1.23%
9/8/2018,12863.3,12986.5,13092.1,12845.7,12.56,-0.41%
8/8/2018,12916.1,12740.1,12968.9,12704.9,9.4,1.52%
7/8/2018,12722.5,12722.5,12722.5,12599.4,13.32,0.00%
6/8/2018,12722.5,12792.9,12792.9,12529,12.72,-0.41%
3/8/2018,12775.3,13197.6,13215.2,12775.3,16.29,-2.55%
2/8/2018,13109.7,13197.6,13197.6,12845.7,16.63,-0.93%
1/8/2018,13232.8,13162.5,13426.4,13127.3,18.78,0.67%
31/7/2018,13144.9,12986.5,13250.4,12863.3,15.8,0.81%
30/7/2018,13039.3,13232.8,13303.2,12986.5,16.54,-0.67%
27/7/2018,13127.3,12933.7,13144.9,12792.9,13.17,2.19%
26/7/2018,12845.7,12493.8,12845.7,12458.6,22.5,2.82%
25/7/2018,12493.8,12458.6,12599.4,12388.2,15.67,0.28%
24/7/2018,12458.6,12986.5,13004.1,12353,33.53,-4.19%
23/7/2018,13004.1,13056.9,13232.8,12880.9,15.32,0.68%
20/7/2018,12916.1,12951.3,13021.7,12757.7,13.62,-1.34%
19/7/2018,13092.1,13180.1,13285.6,13056.9,9.62,0.00%
18/7/2018,13092.1,12775.3,13144.9,12704.9,17.33,3.05%
17/7/2018,12704.9,12317.8,12722.5,12317.8,9.25,1.69%
16/7/2018,12493.8,12704.9,12757.7,12441,9.11,-0.28%
13/7/2018,12529,12036.3,12546.6,11983.5,12.95,5.48%
12/7/2018,11877.9,11719.5,12018.7,11684.3,9.11,-1.89%
11/7/2018,12106.6,12282.6,12458.6,11895.5,19.24,-3.10%
10/7/2018,12493.8,12493.8,12704.9,12493.8,8.28,-0.56%
9/7/2018,12564.2,13197.6,13197.6,12458.6,10.53,-2.99%
6/7/2018,12951.3,12687.3,13303.2,12388.2,14.45,1.94%
5/7/2018,12704.9,13056.9,13197.6,12599.4,11.63,-2.70%
4/7/2018,13056.9,12951.3,13180.1,12740.1,10.32,2.20%
3/7/2018,12775.3,13514.4,13655.2,12775.3,15.94,-5.47%
2/7/2018,13514.4,13373.6,13549.6,13021.7,17.04,0.00%
29/6/2018,13514.4,13655.2,13795.9,13356,14.16,-1.16%
28/6/2018,13672.8,13655.2,14007.1,13584.8,11.66,-1.65%
27/6/2018,13901.5,14394.2,14482.2,13901.5,9.24,-3.89%
26/6/2018,14464.6,14288.7,14482.2,14077.5,7.32,-0.96%
25/6/2018,14605.4,14781.4,14834.2,14447,9.48,1.34%
22/6/2018,14411.8,13725.6,14411.8,13655.2,19.65,4.33%
21/6/2018,13813.5,14059.9,14059.9,13725.6,10.62,-1.88%
20/6/2018,14077.5,13725.6,14077.5,13303.2,15.79,4.30%
19/6/2018,13496.8,13655.2,13901.5,13197.6,36.04,-4.60%
18/6/2018,14147.9,15027.7,15027.7,14147.9,20.23,-6.51%
15/6/2018,15133.3,14957.3,15133.3,14711,13.2,0.94%
14/6/2018,14992.5,15414.9,15643.6,14974.9,18,-1.84%
13/6/2018,15274.1,14922.1,15344.5,14886.9,10.04,2.12%
12/6/2018,14957.3,15590.8,15590.8,14675.8,29,-1.82%
11/6/2018,15233.9,15334.4,15510.4,15208.7,30.82,-1.14%
8/6/2018,15409.8,15585.8,15585.8,15384.7,13.8,-0.97%
7/6/2018,15560.7,15334.4,15686.4,15284.1,20.88,1.81%
6/6/2018,15284.1,14881.9,15334.4,14706,23.24,3.05%
5/6/2018,14831.7,15083,15133.3,14706,23.47,-1.67%
4/6/2018,15083,14555.1,15083,14404.3,21.64,5.26%
1/6/2018,14328.9,14203.2,14429.4,14102.6,25.47,1.60%
31/5/2018,14102.6,13298.2,14102.6,13273.1,35.39,6.25%
30/5/2018,13273.1,13097.1,13423.9,12795.4,24.16,1.54%
29/5/2018,13072,12242.4,13097.1,12242.4,19.1,6.78%
28/5/2018,12242.4,12720,13072,12242.4,20.34,-6.53%
25/5/2018,13097.1,13172.5,13398.8,13021.7,20.5,-0.57%
24/5/2018,13172.5,13072,13172.5,12971.4,13.99,1.35%
23/5/2018,12996.5,12644.6,13072,12644.6,12.62,2.38%
22/5/2018,12694.9,13298.2,13323.3,12694.9,24.15,-5.07%
21/5/2018,13373.6,13700.4,13725.6,13373.6,9.07,-1.30%
18/5/2018,13549.6,13373.6,13549.6,13197.7,14.35,1.70%
17/5/2018,13323.3,13574.7,13625,13273.1,15.78,-1.85%
16/5/2018,13574.7,13851.3,14127.8,13549.6,12.05,-2.53%
15/5/2018,13926.7,14052.4,14127.8,13876.4,9.52,-0.72%
14/5/2018,14027.2,14102.6,14152.9,13826.1,10.73,0.18%
11/5/2018,14002.1,13725.6,14027.2,13700.4,10.46,0.91%
10/5/2018,13876.4,14253.5,14303.7,13826.1,10.07,-3.16%
9/5/2018,14328.9,14278.6,14454.6,14102.6,7.73,0.00%
8/5/2018,14328.9,14052.4,14555.1,13876.4,17.97,1.79%
7/5/2018,14077.5,13675.3,14077.5,13549.6,14.46,3.70%
4/5/2018,13574.7,13775.8,13901.5,13549.6,9.96,-0.55%
3/5/2018,13650.1,13650.1,13700.4,13423.9,20.41,-0.18%
2/5/2018,13675.3,13675.3,13926.7,13398.8,16.09,1.12%
27/4/2018,13524.5,13449,13574.7,13021.7,19.68,0.56%
26/4/2018,13449,14077.5,14278.6,13348.5,17.83,-4.46%
24/4/2018,14077.5,13951.8,14303.7,13826.1,14.6,0.72%
23/4/2018,13976.9,14806.5,14806.5,13951.8,10.82,-5.44%
20/4/2018,14781.4,14328.9,14781.4,14127.8,12.64,3.16%
19/4/2018,14328.9,14731.1,14856.8,14328.9,19.62,-3.39%
18/4/2018,14831.7,15057.9,15133.3,14831.7,10.57,-1.17%
17/4/2018,15007.6,15183.6,15183.6,14831.7,12.91,-0.67%
16/4/2018,15108.2,15208.7,15334.4,15108.2,8.35,-1.80%
13/4/2018,15384.7,15585.8,15610.9,15309.3,12.55,-0.81%
12/4/2018,15510.4,15133.3,15560.7,15057.9,17.3,1.98%
11/4/2018,15208.7,15334.4,15585.8,15183.6,27.56,-0.49%
10/4/2018,15284.1,15284.1,15359.6,15108.2,17.83,0.00%
9/4/2018,15284.1,15233.9,15384.7,15083,17.17,0.66%
6/4/2018,15183.6,14756.2,15183.6,14706,18.78,2.72%
5/4/2018,14781.4,14907.1,14932.2,14731.1,8.01,-0.34%
4/4/2018,14831.7,14831.7,14907.1,14706,11.15,0.85%
3/4/2018,14706,14831.7,14957.3,14454.6,24.34,-0.85%
2/4/2018,14831.7,15208.7,15233.9,14831.7,23.36,-2.32%
30/3/2018,15183.6,15384.7,15409.8,15108.2,9.88,-0.66%
29/3/2018,15284.1,15083,15384.7,15032.8,14.12,1.50%
28/3/2018,15057.9,14932.2,15133.3,14781.4,9.24,0.84%
27/3/2018,14932.2,14731.1,15057.9,14731.1,22.22,0.85%
26/3/2018,14806.5,15259,15409.8,14706,42.41,-4.07%
23/3/2018,15435,15208.7,15585.8,15208.7,20.78,-2.23%
22/3/2018,15786.9,15837.2,16164,15711.5,25.23,-0.32%
21/3/2018,15837.2,15485.2,15937.7,15485.2,18.65,2.44%
20/3/2018,15460.1,15786.9,15812,15460.1,13.12,-2.54%
19/3/2018,15862.3,15334.4,16063.4,15334.4,20,4.82%
16/3/2018,15133.3,15158.4,15309.3,14982.5,36.92,-0.66%
15/3/2018,15233.9,15460.1,15460.1,15183.6,15.9,-1.94%
14/3/2018,15535.5,15560.7,15661.2,15510.4,10.17,0.49%
13/3/2018,15460.1,15560.7,15585.8,15384.7,11.21,-0.81%
12/3/2018,15585.8,15460.1,15686.4,15435,11.37,0.81%
9/3/2018,15460.1,15585.8,15686.4,15384.7,18.37,-0.49%
8/3/2018,15535.5,15309.3,15736.6,15108.2,18.31,1.15%
7/3/2018,15359.6,15460.1,16063.4,15208.7,25.73,-4.38%
6/3/2018,16063.4,15585.8,16113.7,14881.9,32.75,3.57%
5/3/2018,15510.4,16641.6,16666.8,15510.4,72.68,-6.94%
2/3/2018,16666.8,16365.1,16767.3,16264.5,29.69,-0.60%
1/3/2018,16767.3,16566.2,17043.8,16340,24.98,1.06%
28/2/2018,16591.3,15962.9,16591.3,15812,42.36,2.96%
27/2/2018,16113.7,16314.8,16314.8,15937.7,29.82,-0.47%
26/2/2018,16189.1,15812,16239.4,15636.1,33.58,4.55%
23/2/2018,15485.2,14831.7,15585.8,14781.4,41,4.58%
22/2/2018,14806.5,14957.3,14982.5,14756.2,18.89,-1.83%
21/2/2018,15083,15460.1,15535.5,15007.6,33.65,-0.99%
13/2/2018,15233.9,14831.7,15359.6,14831.7,20.24,3.06%
12/2/2018,14781.4,14655.7,15007.6,14555.1,25.21,0.86%
9/2/2018,14655.7,14278.6,14932.2,14278.6,34.61,-2.34%
8/2/2018,15007.6,14957.3,15284.1,14781.4,17.76,0.34%
7/2/2018,14957.3,15208.7,15460.1,14856.8,21.78,2.59%
6/2/2018,14580.3,13348.5,14932.2,13348.5,57.39,1.75%
5/2/2018,14328.9,15057.9,15183.6,14328.9,28.05,-6.71%
2/2/2018,15359.6,15334.4,15435,15007.6,14.08,0.16%
1/2/2018,15334.4,15661.2,15837.2,15208.7,10.78,-2.09%
31/1/2018,15661.2,15409.8,16038.3,15334.4,21.24,1.63%
30/1/2018,15409.8,15208.7,15460.1,14706,39.45,-0.33%
29/1/2018,15460.1,16214.3,16340,15460.1,19.55,-3.76%
26/1/2018,16063.4,15585.8,16214.3,15334.4,19.16,3.90%
25/1/2018,15460.1,16314.8,16340,15334.4,52.79,-3.30%
22/1/2018,15988,14957.3,16038.3,14957.3,25.54,6.53%
19/1/2018,15007.6,14077.5,15057.9,13976.9,27.72,6.61%
18/1/2018,14077.5,13423.9,14077.5,13273.1,21.24,4.48%
17/1/2018,13474.2,13926.7,14127.8,13474.2,19.27,-4.29%
16/1/2018,14077.5,13650.1,14077.5,13474.2,16.59,2.56%
15/1/2018,13725.6,13046.8,13725.6,12971.4,13.06,4.80%
12/1/2018,13097.1,13072,13298.2,12870.9,20.67,0.77%
11/1/2018,12996.5,12946.3,13046.8,12669.7,20.26,0.00%
10/1/2018,12996.5,13449,13574.7,12720,23.89,-2.27%
9/1/2018,13298.2,12518.9,13298.2,12493.8,21.86,6.87%
8/1/2018,12443.5,11991,12443.5,11940.7,14.19,3.13%
5/1/2018,12066.4,12091.6,12179.6,11978.4,14.03,-0.42%
4/1/2018,12116.7,12016.2,12167,11965.9,17.79,1.26%
3/1/2018,11965.9,12066.4,12192.1,11890.5,18.51,-0.21%
2/1/2018,11991,11789.9,12003.6,11676.8,15.73,1.81%